y,x1,x2,x3,x4,x5,x6,x7,x8,x9,x10,x11,x12,x13,x14,x15,x16,x17,x18
44.6,717,28,4.14,8.7174087,65,420,27.5,43,69,6.44,68,30.3,444.76575,129432,9,9,0.406,9.3
75.4,11,21,0.01,54.2373183,95,0,58.4,24,95,7.21,95,0.1,547.8517,39113313,6,5.8,0.741,14.4
81.2,7,2,8.4,8649.674911,56,99,64.1,2,88,11.2,89,0.1,47447.4762,345274,0.5,0.4,0.898,15.9
59.9,268,66,0.01,73.21924272,64,430,18.1,89,62,8.13,64,0.1,631.744976,31731688,17.7,17.7,0.47,9.9
81.4,62,0,7.3,682.1070608,92.9626012022595,3,56.9,0,98,9.94,98,0.1,4627.592,9298515,1.3,1.3,0.898,15.8
62.2,263,1,0.52,217.2125786,81,709,33.2,2,81,8.95,81,1.9,1536.15685,881185,5.6,5.5,0.46,6.3
71.9,123,5,0.01,285.6103912,88,0,49.7,6,92,5.37,89,0.1,7496.335728,9295784,2.8,2.8,0.742,11.8
82.3,57,0,10.01,2198.590865,91.4711933478036,77,55.4,0,96,11.7,95,0.1,74276.71842,782499,0.5,0.4,0.92,15.4
69.3,198,9,3.93,0,95,0,49.9,11,95,5.49,95,0.2,92.6737581503716,5.49986558862762,1.2,1.1,0.649,13.8
89,71,0,9.62,6664.148708,9,43,64.8,0,93,11.2,93,0.1,33691.34837,11244.6824129357,0.3,0.3,0.899,20.3
56,344,48,4.56,23.1016899,60.1792534465998,4174,12.5,93,62,4.85,62,3.6,235.4912324,11944587,11.2,1.8,0,3.5
66.5,188,182,0.06,33.95837125,62,3825,16,229,77,2.23,76,0.1,747.9817455,2145652,11,11.1,0.604,10.6
63,242,39,0.04,0,78,8079,34.5,51,78,4.82,78,0.1,101.215875211551,4065.09809586341,13.9,13.8,0.475,8.7
68.4,154,6,0.62,8.59680496,5,827,44.2,8,78,7.92,77,0.1,145.2163,8365,3,3,0.668,11
65.1,21,0,0.46,167.6201552,83,0,74.1,0,74,12.23,82,0.1,1413.3234,9844,0.2,0.1,0.572,11.6
69.8,172,54,0.24,0,97,668,55.5,65,97,4.82,97,0.1,85.0818925417616,366.50736818705,3.1,3,0.651,11.9
62.4,249,37,3.01248671794872,0,88,23,28.6,52,88,6.15023344003807,88,0.7,1361.11395,27582821,6.2,6.1,0.575,11.4
77.5,14,0,11.14,2503.714258,89.6894892192495,0,54.1,0,95,8.5,95,0.1,18169.1891,2474,1.9,2,0.853,16.3
81.1,72,2,9.34,0,99,42,3,2,98,6.83,99,0.1,54.0823048693751,22.0004887686268,1.5,1,5.60927099314202,6.02544161557318
61.8,251,64,2.01,128.6362711,78,129,25.0610504940134,95,85,8.17,86,0.3,1291.528826,32955496,4.51348289498513,4.51878687349158,0.444,6.3
78.5,9,3,11.92,582.6157028,9,779,56.6,4,96,1.62,97,0.1,3359.95215,82534176,1.1,1.1,0.872,16.3
75.3,125,8,0.01,973.728675,88,0,54.9,10,78,5.47,88,0.1,6491.5245,3973354,1.1,1.1,0.735,13.4
69.4,173,0,1.2,27.29839073,64,165,43.3,0,67,4.2,69,0.1,158.52724,198964,1.6,1.6,0,10.4
72.3,178,7,6.2,352.9551269,84,0,49.3,8,88,4.34,89,1.8,3836.468771,9371338,3.5,3.4,0.677,12.6
77.5,8,0,5.59,134.3547253,88.9929469781495,2,62.3,0,94,6.83,94,0.1,1139.5651,3987,0.8,0.7,0.779,13.8
74.1,126,20,0.46,43.08717334,91,217,51.8,23,92,4.2,93,0.1,495.254866,3486715,6,5.9,0.697,12.6
77,174,3,0.01,0,97,1,43,4,97,6.68,97,0.1,85.7145336786204,2.49996334235299,3.3,3.3,0.647,12.5
62,329,6,1.23,11.42385961,91,55,14.7,9,91,3.29,91,1.3,317.3294336,4153332,9.2,9.2,0.405,5.3
53.1,356,46,3.90658085967863,0,46,418,19.1,77,52,8.45023344003807,46,2.8,777.248751,149413,8.5,8.4,0.394,7.3
72.7,135,24,0.02,0,99,127,51.4,28,99,6.28,99,0.1,74.0105006804281,77.5012097023514,7.6,7.8,0.716,12.1
58.6,33,22,0.01,40.15128458,96,0,17.6,32,96,8.3,96,1,282.7555252,96186,7.4,7.4,0.398,10.5
64.9,321,19,11.5,46.51559476,96,2444,55,21,98,5.19,97,0.3,412.372294,1446754,2.5,2.8,0.741,13.6
80,8,0,11.53,18961.3486,94,1,58.4,0,96,7.34,99,0.1,114293.8433,48865,0.9,0.9,0.887,13.5
82.3,64,1,1.5,0,98,7,31.7,2,98,1.25116720019037,98,0.1,51.2355057366625,4.50006109607835,1.5,1,0.1,1
69.2,184,16,0.01,0.442802404,99,8,43.9,18,99,5.84,99,0.1,25.448414,37577,3,3.1,0.69,12.1
54,429,82,1.54,46.58195631,76,9396,18.1,120,69,5.91,83,15.9,336.3318145,231275,3.9,3.8,0.332,7
81.3,61,0,6.21,2094.19096,90.8426287030696,4,59.8,0,95,9.16,95,0.1,11563.727,518573,0.7,0.7,0.941,17.6
74,125,0,0.484467852015954,0,59,0,74.7,0,61,0.150233440038075,66,0.1,4149.363444,193759,0.2,0.1,0.702,12.9
81,78,4,10.79,0,89.3585068931997,1212,63.1,4,93,9.81,93,0.1,54.0828207682875,608.01476081253,0.8,0.5,7.12046111819574,7.5283847645634
76.9,115,1,3.92,49.34007756,98,0,49.4,1,98,6.7,95,0.1,2741.11542,914.03026631065,3.6,3.4,0.679,12.1
44,67,46,1.1,3.885394742,64,92,14.8,75,79,4.82,64,24.7,29.9798977,1213711,7.7,7.6,0.388,10.4
74.2,113,0,8.47,1641.30981,93,0,48.4,0,93,5.64,93,0.1,16462.48556,5487.44593718604,3.9,3.9,0.771,15
48.2,375,87,6.35,184.8213446,73,1014,18.8,138,75,3.38,73,2.6,2878.837144,2997687,9.6,9.6,0.454,7.7
45.7,44,97,2.58,30.35993647,41.3119454010321,9046,15.8,159,41,5.38,38,2.1,526.168743,16983266,1.7,1.7,0.391,5.1
82,68,1,9.53,9689.732784,92.4481336164996,10,57.3,1,97,9.36,97,0.1,51241.31562,16381696,1,1,0.899,16.6
66.6,177,16,2.53,0,75.0997535809631,0,25.7,21,98,4.61085041259072,62,0.1,75.5952848992015,10.4997433964709,5.9,6,1.38633361082482,4.12410019802623
79.2,77,1,9.56,5170.130703,92.2949941326795,11,55,1,98,8.52,98,0.1,39954.64222,16281779,1,1,0.885,16.5
61.9,261,35,0.71,55.43034455,84,0,16.7,51,83,4.98,84,0.6,377.8482928,19433523,7.9,7.8,0.483,9.1
69.3,163,10,0.01,1.0419164,96,1,39,11,97,6.75,96,0.2,14.214412,817789,3.6,3.7,0.617,11.2
68,247,1,12.98,24.24947846,7,21,54.4,1,99,6.13,99,0.1,1276.28834,997961,2.7,2.8,0.675,13.1
75,153,0,1.18,345.339056,61,0,47.4,0,66,3.66,67,0.1,2697.961375,22534,1.5,1.5,0.582,10.7
73.9,154,0,0.01,915.1859205,98,0,31.8,0,98,4.76,98,0.1,9291.227619,1255882,7.1,7,0.756,14.3
73.6,157,6,6.05,587.8828228,8,0,52.6,8,85,4.41,82,1.2,4952.67753,9767758,3.4,3.3,0.695,12.9
69.6,237,14,10.99,178.8225911,97,2123,58.7,16,98,6.88,97,0.3,15154.45687,14321676,2.3,2.4,0.792,14.3
73.5,162,11,5.92,609.9511632,98,7790,25.7,13,99,3.92,99,0.3,4378.68746,6654576,8.5,8.6,0.7,12.9
81.6,61,2,7.25,5243.316638,96,351,6.5,2,96,9.41,96,0.1,36976.84512,5995365,0.5,0.5,0.868,16.3
72.6,134,1,2.86,57.17810403,91,40,47.8,1,96,5.4,94,0.1,783.261699,333897,2.1,2.1,0.645,10.8
54.3,369,27,0,0,54.3,0,25.7198650480512,42,54.3,0,54.3,4.2,1264.78998,967667,0,0,0,0
78.8,9,0,11.84,1346.246697,95,0,57,0,99,7.95,99,0.1,8289.69641,465158,1,0.9,0.874,13.5
73.5,15,1,5.16,26.99312143,98,6,49.9,1,97,6.12,98,0.1,279.142931,311487,1.8,1.8,0.685,10.8
52.4,527,29,5.21,53.30858081,9,9696,29.4,44,89,5.37,89,15.7,713.63562,1486317,7.1,7,0.436,10
77.8,97,0,12.14,1884.098811,95,0,63.1,0,95,7.8,95,0.1,13467.46827,4238389,1.5,1.5,0.82,15.1
72.2,11,457,2.84,14.23064496,65,88962,21.2,558,86,4.56,86,0.1,153.1824,127185,5.7,5,0.592,9.6
73.7,121,0,7.65,13.5139917,91,0,45.4,0,9,5.82,89,0.4,1228.5447,409.511224662628,4.1,4.1,0.753,14.2
73.5,132,1,3.99,44.57219966,85,1,49.7,1,9,4.31,88,0.1,3138.8873,293356,2,2.1,0.707,11.7
48.6,438,33,5.72,0.388253772,68.0566927614053,896,13.7,54,76,4.38,77,8.1,21.569654,832946,7.4,7.5,0.332,7.1
67.7,158,2,0.01,3.379874844,82,4,16.6,2,82,1.29,82,0.1,117.765674,1184366,11.1,11.2,0.62,12.5
67.8,154,7,0.55,42.41491183,51,1978,43.6,8,79,6.56,77,0.1,883.6439965,82341,3,3,0.659,10.8
75.5,83,18,4.12191509028832,0,98,615,59.7,21,98,8.54976655996192,98,0.1,57.2455965368213,318.007258214109,8.5,8.6,0.774,14.8
67.8,146,7,0.55,39.33253687,5,4353,43.1,9,8,4.47,76,0.1,763.73858,817195,3.1,3.1,0.651,10.6
77.6,8,0,0.01,269.1432784,99,1,4.2,0,99,2.65,99,0.1,4159.8652,1386.94263157789,5.7,5.2,0.863,15
77.6,65,0,0.01,1259.940376,99,0,24.1,0,99,9.16,99,0.1,6541.7465,385,13.8,13.9,0.675,12.1
73.8,14,10,4.69,570.4532468,93,0,51.5,13,92,5.36,93,0.3,4166.93387,29157,1.2,1.2,0.706,13.3
64.4,178,367,0.03,3.912744517,75,2801,2.1,459,75,3.35,75,0.1,95.4327931,16332974,2.8,21.3,0.505,6.7
76.6,84,0,1.11,4064.743869,97,29,65,0,95,3.61,96,0.1,41818.35256,13948.9926950497,4.8,4.5,0.826,13.5
81.1,68,0,11.82,90.58501176,95,0,56.6,0,95,11.14,95,0.1,554.71532,8479375,1.8,2,0.887,15.7
49.3,554,34,2.33,121.879331,82,45,18.4,55,84,7.56,82,17,691.3178164,1252156,7.1,7,0.467,10.7
63.2,23,1,0.01,73.86584922,88,0,23.7,2,87,6.75,87,0.8,852.954379,759385,6.8,6.6,0.497,11.1
78.7,76,0,2.08,1003.366877,95,408,28.9,0,95,2.37,96,0.1,21577.7823,7328.53348143348,2.1,2,0.82,12.7
76,127,28,6.53750140446268,0,97,256,17.5,35,97,14.3492996798858,97,0.1,70.8474669624381,145.502700446663,14.2,14.5,0.678,12.6
62.5,237,2,0.01,78.39008571,89,1,22.6,2,85,7.11,86,0.8,788.632653,723868,6.9,6.7,0.484,10.8
58.7,271,13,3.13,0,55.0084876421321,94,12.7,19,55,4.32,52,0.1,102.167072478793,56.5009164411753,1.4,1.5,0.463,8
59,286,3,2.99,0,97,0,23.5,6,97,5.85,98,2.7,121.458671927992,2.99992668470597,8.4,8.3,0.434,8.9
68.7,197,0,6.2,325.6807462,97,0,43.2,0,97,4.39,97,0.8,3831.53819,27689,3.6,3.5,0.691,12.5
76.5,19,0,13.03,0,98,7,61.8,0,98,6.69,98,0.1,37.0010801573389,3.5000855345097,2,2.1,6.85900294294598,7.4930123281616
69,18,0,1.21,21.90075232,7,9,41.1,0,67,3.28,71,0.1,1469.849149,18563,1.7,1.7,0,9.6
69.2,231,5,8.71,324.5491348,66,0,58,6,74,7.8,71,0.3,2545.48341,46533,2.5,2.6,0.734,14.9
74.5,137,0,1.27213071706439,0,92,0,65.7,1,91,1.85023344003807,91,0.1,6993.47736,7177991,1.9,1.8,0.792,15
77.5,15,0,8.59,397.7533689,91.5003375261475,0,55.5,0,96,7.22,99,0.1,24253.2542,517629,0.9,0.9,0.847,17.3
74.2,136,29,2.86,0,94,217,1.9,36,96,5.9,96,0.2,73.3781174930254,126.502211678036,15.4,16.1,0.601,11
79.4,8,0,9.67,3632.243121,95,2,61.8,0,99,9.41,99,0.1,28827.32636,1148473,0.8,0.7,0.855,16.4
72.9,154,3,10.6,919.1673438,99,353,55,3,96,5.21,96,0.1,8214.185378,2882982,3.2,3.6,0.766,14.1
46.5,391,96,2.82,24.037942,41.3685901306143,11945,16.3,157,37,3.63,41,2.3,711.181716,17572649,1.5,1.5,0.401,5.5
73.1,13,391,2.96,122.9365349,75,71879,22.6,467,87,4.82,86,0.1,1288.642924,12884,5.3,4.7,0.61,9.9
81.1,66,0,10.15,10055.34981,90.0853949101896,60,53.2,0,94,1.86,94,0.1,54797.54663,7437115,0.6,0.4,0.899,15.2
52.6,378,24,5.72,11.22655347,83,2,13.8,38,76,7.1,83,4.8,127.4296648,7182451,8.4,8.4,0.279,5.2
73.2,152,3,5.65,359.9760397,89,0,46.4,3,85,9.1,89,0.1,3225.591754,629877,2.1,2,0.664,12.4
73,176,0,15.14,1807.071336,93,0,6.9,0,93,6.67,93,0.1,14341.836,2987773,2.7,2.7,0.83,16.5
67.5,18,0,3.15,0,89,0,62.8,0,88,9.69,92,0.1,34.7873520772454,0,0.2,0.2,0.612,10.4
73.5,133,0,0.450201459254701,0,78,0,75.2,0,8,0.1,78,0.1,493.775387,16364,0.1,0.1,0.718,14.3
71.8,162,1,9.99,0,92,2,52.7,1,92,1.32,9,0.1,54.0900433530608,1.50001221921567,2.7,2.8,3.98572788269923,4.58788120676532
66.6,16,9,0.65,35.09462644,72.8223901805058,210,42.1,11,75,4.67,76,0.1,655.974326,8486,3.2,3.1,0.636,10.1
61.7,31,2,8.64,52.31086276,79,0,33,3,74,3.43,76,8,763.66223,1586754,6.7,6.5,0.652,12.4
46.4,693,2,5.51,299.3671252,9,59,31.6,4,96,4.65,96,31.9,4163.6596,184339,1.9,1.8,0.567,11.8
56.3,295,237,2.09,0,65,12461,18.2,324,64,4.46,65,1.8,113.869815729704,6392.6483046206,1.8,1.7,2.79597222061899,2.90784025378504
68,242,1,8.36,0,98,34,48.7,1,98,1.63,97,0.1,107.22433233182,17.5004032341171,3.1,3.3,3.51708675771683,4.31244048578174
78.8,86,0,1.8,0,97,9,66.1,0,97,1.8,97,0.1,57.8783236568322,4.50010997294104,1.8,1.8,0.1,1.8
45.9,6,3,5.65,2.819124474,9,350,27.1,4,87,5.71,85,50.6,22.99449,187392,8.2,8.4,0.493,9.1
73,17,0,0.01,151.1045552,99,0,36.2,0,99,3.37,99,0.1,1557.77892,91359,5.7,6,0.766,13.2
48.1,41,567,9.75,30.19550849,39.0224327108321,141258,18.3,918,42,4.5,29,5.4,512.65719,131972533,13.5,13.6,0,8.1
82.5,61,1,9.87,11734.85381,91,158,65.5,1,91,9.36,91,0.1,67792.3386,23117353,0.6,0.6,0.933,20.3
75.8,122,1,5.53,623.9100503,92,0,5.3,2,88,7.48,92,0.1,4916.54886,333465,2.1,2.1,0.74,12.9
81.5,65,0,1.32879761985641,0,93,309,57.6,0,93,1.99953311992385,93,0.1,43665.947,8633169,1.9,2.1,0.892,15.9
81,76,0,9.19,606.3106561,88,25,63.2,0,88,8.35,88,0.1,3259.73471,1094.90205916623,0.3,0.3,0.891,19.2
57.3,291,85,0.02,1.388647732,66,1296,14.2,118,58,8.7,58,0.1,25.2941299,257798,19.3,19.5,0.396,7.9
72.9,112,4,1.21,264.7842196,94,47,48.1,5,97,5.4,97,0.1,2213.91488,9699197,6.6,6.5,0.646,12.8
75.9,12,9,8.35,1133.558003,91,2,61,10,99,5.2,91,0.1,12969.7712,4296739,1,0.9,0.822,17.2
77.6,11,1,11.21,287.2084529,6,0,58.1,1,96,8.12,95,0.1,2327.4591,125125,0.8,0.8,0.869,18
73.4,135,3,0.46,297.5913833,96,1407,3.7,4,96,3.29,96,0.1,5593.822995,25659393,9,8.8,0.734,12.9
76.9,79,0,0.88,2218.364226,96,0,36.2,0,99,2.73,95,0.1,35268.1117,11755.9317245888,5.9,5.4,0.845,14.2
78.1,92,0,11.28,7627.412444,88.4784793923896,2,55,0,93,9.77,93,0.1,48799.8237,5419432,1.2,1,0.897,16.6
71,135,104,0.01,52.82986467,96,237,17,130,96,2.88,96,0.1,951.8894535,157571292,18.3,18.8,0.565,10
72.5,184,1,13.24,1030.220271,90.9583693891493,0,57.6,1,99,8.42,99,0.1,8396.25323,1129552,2.1,2.1,0.784,14.9
59.3,266,237,0.01,0,8,33711,21.1,312,79,4.33,8,1.1,86.6711478844423,17011.9081095842,9.7,9.5,1.80257832917838,4.35414693064626
76,229,0,12.7,116.504961,95,1,58.7,0,94,6.2,94,0.1,924.642548,326999,3,3,0.807,16.4
75.2,142,0,8.27,180.7762695,98,0,43.2,0,99,4.69,99,0.1,1473.31923,491.102002390553,3.4,3.3,0.786,14.4
74.5,128,1,5.91,180.3787034,96,7872,54.4,1,94,7.25,93,0.1,4274.376857,3776,2.7,2.8,0.755,13.5
61.1,262,3,3.41831715874644,0,97,71,27.3,5,96,7.25023344003808,97,1.7,113.550743700409,38.0008064682343,7.3,7.2,0.45,8.9
81.2,69,3,10.66,0,91.5088251682796,91,66.6,4,96,4.59984991711388,96,0.1,52.1846394082548,47.5010630717634,0.8,0.6,5.68999297543627,6.03848761033317
65.1,268,2,0.01,662.802194,95,1,37.3,2,96,5.41,95,2.3,7497.762376,2168573,6.7,6.4,0.697,12.6
72.5,169,10,8.05,0,53,115,54.1,12,87,5.21,7,0.1,55.671818161512,63.5012585792141,1.8,1.7,0.672,10.4
67,261,66,1.55,37.59039592,22,1374,25.1537904962575,101,78,3.18,78,0.2,679.7539949,3911914,1.87518280371136,1.877075512583,0.423,6.1
81,66,0,6.59,15268.06445,89.3585068931997,3,58.9,0,93,9.26,93,0.1,87646.75346,4889252,0.7,0.7,0.936,17.4
77.9,7,0,1.2,515.0734795,97,73,67.7,0,99,2.15,97,0.1,8834.87958,2969.26746660709,5.1,4.7,0.843,13.4
73.8,132,1,7.24,194.1732658,95,22,52,1,88,1.5,92,0.1,2964.47734,3926,2.6,2.8,0.738,13.3
51.1,344,48,0.01,0,18.2928604441913,8257,19,78,4,4.62862699170276,4,0.9,110.079213880827,4167.59994096497,7.7,7.5,0.428873698092966,3.45086757441397
63.3,219,1700,1.1,17.81205644,59.9797614774361,40044,12.2,2300,58,4.4,59,0.3,466.2842,18987112,27.4,28.4,0.499,8.4
72.6,122,0,5.07,4.409153436,9,0,28.2,0,9,4.6,9,0.3,367.429453,5867,7.3,7.2,0.632,13.1
48.2,472,64,3.08,0,67,3466,21.5,91,76,5.24,67,6.5,170.491025512265,1778.54123985289,7.3,7.3,4.87459880467974,5.1052200388866
69.6,181,0,7.22,51.25232422,94,0,45.7,0,94,5.9,94,0.1,447.22796,36165,3.5,3.4,0.699,12.8
71.4,189,11,1.93,582.1469583,85,0,49.3,13,84,6.3,85,0.4,3452.828934,15596214,1.2,1.2,0.611,10.7
78.8,91,1,12.05,5160.508378,64,61,59.8,1,96,9.32,95,0.1,35589.71295,1421137,0.8,0.8,0.88,18.8
73,189,0,17.87,1904.12469,95,1,56.3,0,95,5.16,95,0.1,16586.452,13468,2,2.1,0.829,16.1
68,22,0,1.76,253.8196705,99,305,53.2,0,95,3.35,94,0.1,2835.973972,816628,4.2,3.9,0.689,13.3
79.7,74,0,6.17,5809.12199,92.4467230121295,0,54.2,0,98,9.28,98,0.1,31813.37344,28125,1,0.9,0.847,16.8
76.1,133,0,8.58,1991.430372,99,0,46.4,0,98,5.33,99,0.2,12224.86416,4074.91814786704,3.3,3.3,0.781,13.9
82.1,68,3,7.7,6746.281299,93.2213501029216,8752,23.8,4,97,8.3,99,0.1,37688.72234,127761,1.7,1.4,0.866,14.8
75.2,116,0,11.59,167.2319899,89.6880786148794,2,57.5,0,96,6.89,96,0.1,1224.2459,4442,1.8,1.8,0.777,13.6
83,64,3,7.09,899.1785285,93.4018051470676,741,26.4,4,99,9.51,97,0.1,4855.17564,12847,1.8,1.6,0.881,15
79,78,0,13.44,9126.931178,87.3585068931997,87,55.8,0,91,7.22,91,0.1,54326.9713,4273591,0.3,0.2,0.896,17.6
56.8,33,30,0.21,19.68510257,57,89,19.8,47,59,3.21,6,2.3,437.4467238,1323142,8.6,8.6,0.371,7.9
71.9,162,3,7.68,615.4030781,98,5043,53.9,4,97,5.47,97,0.1,4676.315183,21319685,3.3,3.8,0.745,13.4
78,161,53,0.21,0,94,1314,6.2,62,94,5.64,94,0.1,80.653662533206,688.01529845802,2.8,2.8,0.686,13.1
72.1,152,15,4.5,34.70333523,65,0,47.4,19,95,4.6,94,0.4,218.25997,26937738,1.3,1.3,0.686,13.3
74.6,19,0,8.46,327.1618128,93,0,49.9,0,93,6.21,93,0.1,16523.32388,5507.72519518098,3.8,3.8,0.779,15.5
73,22,7,6.32,293.0196601,79,0,46.1,8,65,5.53,79,2.3,2372.628827,896776,3.6,3.5,0.665,12.4
62.9,255,56,0.01,170.9626624,92,354,21.3,79,93,5.72,92,2.9,1335.6458,462425,7.8,7.7,0.546,11.1
45.5,648,5,1.99,5.300902041,17,1,26.4,7,9,7.13,9,33.8,63.636279,191897,1.2,1.1,0.44,10.5
52.1,437,76,1.66,32.73674134,84,766,15.1,118,83,4.54,84,15.7,395.8493511,332149,8.9,8.9,0.451,8.5
71.4,177,0,6.04,0,99,0,44.7,0,93,3.66,99,0.2,87.2959645544634,0,3.7,3.7,0.692,13.3
76.1,114,0,9.89,0,98,0,57.8,0,98,8,98,0.1,67.0515341581331,0,1.2,1.3,0.838,15
63.3,241,150,1.84,86.82551124,69,4347,16.4,221,7,5.77,69,1.2,468.567249,92444183,1.7,1.5,0.422,8.4
48.9,38,31,0,0,48.9,0,23.1620884134384,50,48.9,0,48.9,2.7,17.5793939580774,67656,0,0,0,0
79.9,78,0,9.31,491.055852,87,20,62.1,0,89,8.25,89,0.1,2775.89515,931.956938419789,0.3,0.3,0.886,18.9
69.9,29,3,3.1,400.1342971,94,0,47.8,4,93,7.61,94,0.3,2519.737387,5971535,2,1.9,0.628,12
58.8,279,74,0.01,79.67936736,66,1989,16.7,102,66,9.2,66,0.1,553.32894,2883167,18.4,18.4,0.448,9.2
79,172,4,6.78,273.5758769,83.8757956876998,0,39.1,5,86,8.1,86,0.1,1545.626423,5327,2.5,2.4,0.625,11.6
64.2,275,7,0.01,0,9,71,26.8,10,9,5.15,9,3,89.8342675855844,40.5007453721559,7.6,7.3,0.581,11.1
69.1,197,6,1.56,15.35342268,62,35,16.1,10,97,4.28,97,0.1,174.6692,19228,15.4,15.5,0.705,12.8
74.9,127,11,7.53,96.16653429,88,0,56.9,12,95,6.85,98,0.1,576.883829,39145488,1.1,1,0.78,16.3
54,47,69,0.96,5.743393664,74,2321,2.5,98,73,5.38,74,10.8,419.2258149,2422145,3.7,3.6,0.39,9.3
65,211,0,0.68,188.7108773,96,0,73.4,0,93,13.66,94,0.1,1357.632211,96311,0.2,0.1,0.574,11.8
48.7,371,84,7.07,249.9101958,69,265,19.3,133,65,3.84,69,2.6,3868.578883,2175942,9.5,9.4,0.468,8.1
87,79,0,8.97,6115.496624,94.6619646520997,2,61.4,0,98,9.55,98,0.1,49638.7713,5438972,0.9,0.8,0.887,17
52.5,336,36,0.17,19.89790929,34.694267181948,7408,16.9,58,52,3.65,5,3,315.83983,8971139,1.1,1.1,0.322,5.1
64.8,225,136,0.856564402224502,0,77,17745,17.6,194,75,1.30046688007615,77,0.6,645.4637627,9987333,1.4,1.2,0.441,8.4
73.3,137,1,3.96,201.1855461,93,0,5.7,1,94,4.55,93,0.1,2993.832531,2888584,2,2.1,0.725,11.9
75.5,123,8,0.894299142864957,0,9,4,55.6,10,88,1.1,9,0.1,63.343259,31376671,1.1,1.1,0.737,13.4
59.7,323,86,4.2,0,91,185,22.5,124,91,5.57,91,2.1,130.948890862939,154.500745372156,6.8,6.7,4.00431618789072,5.43512311827716
81.6,68,2,8.3,9748.636237,7,10,65.3,2,99,1.78,95,0.1,52496.69487,3475545,0.5,0.5,0.907,15.9
66,2,1300,2.5,0.844186331,37,56188,15.4,1700,73,4.38,74,0.2,19.317765,121427132,27,27.8,0.563,10.5
65.9,26,2,3.79,126.698109,98,12,43.9,2,99,5.6,95,0.1,1634.81431,259167,2.2,2.4,0.661,13
79.6,88,2,7.31,241.5533381,95,0,59.3,2,95,6.87,95,0.1,1781.3668,16661942,0.9,0.9,0.804,15.2
43.8,614,44,2.62,45.61688038,72.4975403333189,30930,16.8,72,85,7.16,85,18.7,341.955625,1531221,7.5,7.5,0.418,9.6
72.5,146,0,3.97,47.35260547,12,0,71.4,0,54,4.52,26,0.1,359.82223,183526,0.2,0.2,0.688,12.9
78.9,76,1,2.53,199.9341033,98,36,58.3,1,93,7.13,93,0.1,2152.1432,6289,1.1,1.1,0.845,15.2
76,116,0,12.06,2425.403891,97,51,59.4,0,96,7.7,96,0.1,15893.8656,443458,1.7,1.7,0.8,14.3
73,12,4,0.6,373.2628643,98,41,59.3,4,98,8.35,98,0.1,2762.86354,6193191,3.8,3.8,0.736,13.6
74.2,147,0,10.87,0,97,0,43.8,0,97,8.1,97,0.1,77.1738783310263,0,4.3,4.3,0.724,12.8
57.6,328,22,6.88,78.47020226,99,494,15.9,34,99,1.2,99,6.2,342.3656294,92658,6.8,6.8,0.404,9.3
74.6,143,0,10.43,0,99,0,44.5,0,99,7.58,99,0.1,76.5410652278633,0,4.3,4.3,0.733,12.9
58.9,373,2,2.03989183242393,0,9,0,32.3,3,84,4.04976655996192,9,7.1,3136.92511,131911,4,4.1,0.541,11.4
55.6,317,31,0.16,10.3839337,55.2747315942041,4,19,49,53,3.2,57,2.6,296.68382,9881428,9.1,9.1,0.356,7.1
72,197,2,2.37,549.2783081,89,0,53.4,2,9,6.81,89,0.3,3736.58713,619256,1.7,1.6,0.666,13
54.8,491,2,6.45,76.31867911,93,6,33.2,3,96,4.93,96,14.4,5374.554867,1884238,9.6,9.4,0.61,11.9
65.8,248,2,3.91428214183932,0,92,212,35.7,3,92,8.15023344003808,92,2.1,4737.66996,2425561,8.2,8.1,0.637,11.7
54,334,33,0.34,18.93011259,39.7472786914056,10,18.1,53,65,3.14,6,2.8,386.3288283,949229,9.5,9.5,0.325,5.1
74.5,145,1,3.51,31.76575838,92,2,48.9,1,91,5.4,91,0.4,492.492378,279122,1.9,1.7,0.718,12.6
62.9,328,42,2.28349118071795,0,75,17,51.1,52,75,4.84789903965733,75,3.6,5769.77258,5511976.68,4.4,5.3,0.665,13
51,338,49,4.53,3.195566831,63.5377603397995,1744,12.9,93,69,5.26,69,3.2,26.7635413,122931,11,1.6,0,3.6
66.8,221,68,4.54,69.0204245,45,7360,18.3,89,76,3,79,0.1,957.287441,79665315,1,9.7,0.622,11.4
68.1,219,55,4.61,24.58973399,89,2920,24.3,69,84,4.56,89,0.1,276.289146,9848132,1,9.7,0.671,11.7
73.8,119,0,7.68,166.0083443,93,0,46.2,0,93,5.71,93,0.2,12868.8639,4289.58280126534,4.1,4,0.757,14.4
73.7,89,1,0.03,2555.303869,99,0,67.1,1,99,2.13,99,0.1,45793.97614,15264.8550418982,3.2,3.1,0.787,13.9
72.8,126,28,1.29,103.523776,82,34,58.5,34,9,5.81,9,0.1,834.869161,6876345,5,4.8,0.687,11.9
74.4,14,0,10.58,0,99,0,54.2,0,99,7.76,99,0.1,35.7357119004692,0,1.3,1.4,0.802,14.5
78.7,96,1,4.16,742.1961992,96,0,59.2,1,98,8.59,99,0.1,6425.941119,2142.29447571696,3.4,3.2,0.778,15.7
49.2,457,114,3.89,0,65.0803554972696,14649,16,181,64,2.64,79,12.8,169.541032009152,7415.17678761233,8.3,8.3,6.25383933436327,4.63468092839254
77.1,12,0,13.23,0,99,5,63.1,0,99,7.85,99,0.1,35.1030707636104,2.50006109607835,1.9,2,7.31917890527314,7.98456195610544
69.4,174,56,0.16,0,98,77,53.5,68,98,5.6,98,0.1,86.0307682638978,72.500109972941,3.2,3.2,0.629,11.4
72.9,172,0,0.01,1521.672751,99,0,35.5,0,98,3.58,98,0.1,15687.34795,89949,5.7,6.1,0.762,13.5
63.3,248,32,1.03,76.60442169,7,1,18,45,7,4.86,7,0.5,412.739341,2115164,7.6,7.5,0.503,10.2
81.1,76,0,0.896033316804558,0,92.1750216334896,2,62.1,0,97,0.850233440038075,97,0.1,4245.39744,5479531,0.9,0.8,0.893,17
88,64,0,6.5,6369.516139,94.9654224109997,19,55.7,0,98,8.95,98,0.1,46256.4716,9855,1.3,1.3,0.892,15.9
78.2,75,0,5.73,1552.740429,89.9019096504795,7,63.4,0,95,7.86,95,0.1,11843.9392,395969,0.7,0.7,0.786,13.8
73.1,16,0,12.32,0,95,0,39.6,0,95,6.25,95,0.2,35.1034146962186,0,4.4,4.4,0.689,12.2
51.4,477,3,4.87,413.0063027,9,1,28.9,4,89,8.19,88,40.2,2842.438422,1158897,6.1,6.3,0.514,10.6
58.9,296,41,1.5,78.71123825,84,435,22.4,62,85,4.51,84,3.1,498.172394,215429,8.1,8.1,0.499,8.1
68,193,0,1.09,19.74929219,89,0,44.7,0,94,5.97,89,0.1,125.79167,54477,1.2,1.2,0.489,9.2
61,25,3,0.44,46.3913277,56.8207465534002,94,12.9,4,55,2.48,55,0.1,471.4565823,96852,12.1,12.1,0.485,9.8
74.1,165,1,11.64,181.7634078,91.4439018033893,0,6.5,1,99,7.33,99,0.1,15669.25929,138188,1.9,1.9,0.812,15.3
74.9,14,0,8.51,173.9825629,91,0,51.4,0,91,6.67,91,0.1,15534.1574,5178.00599438997,3.8,3.8,0.78,15.5
74.7,12,3,1.37,53.08451654,99,2,54.7,3,99,5.63,99,0.1,431.9326,147336,6.3,6.3,0.701,14.3
86,72,0,9.47,8342.405764,95,597,65.3,0,95,11.24,95,0.1,38426.5581,13007.7434986558,0.3,0.3,0.901,19.7
68.1,252,1,11.01,45.65007798,99,1,56.7,1,98,6.89,99,0.1,3126.71767,9663915,2.3,2.5,0.713,14.4
75.3,14,0,1.03,0,97,4,59.1,0,98,6.7,98,0.1,35.4194773151919,2.00004887686268,2.2,2.2,0.741,12.9
58.1,29,28,0.22,42.2547904,63,11,21.2,43,63,4.73,63,2,459.2912,113517,8,8,0.385,8.4
69.2,154,6,0.85,105.6337264,52,222,45.3,7,8,6.17,78,0.1,2473.85776,848455,2.9,2.9,0.682,10.7
75.9,81,0,1.76,1077.712092,98,0,2.3,0,98,9.3,98,0.1,5828.621374,362,14.2,14.3,0.641,11.8
74.6,136,28,2.56,0,93,1978,11.8,35,94,5.56,94,0.2,72.7456483224707,1006.52374193605,15.1,15.9,0.618,11.3
74,153,0,7.21,927.4075855,99,0,39.5,0,93,4.41,98,0.1,9386.716452,3128.87740252297,3.6,3.5,0,0
75,138,1,3.55,396.6270975,94,0,5.5,1,94,5.3,94,0.5,4682.728424,281721,1.8,1.7,0.721,12.7
77.2,113,0,10,235.3785281,88.9019096504795,0,53.5,0,94,8.47,94,0.1,1726.9151,199712,2,2,0.85,16.6
79.2,85,3,11.67,6012.92584,9,778,57.6,3,95,1.52,96,0.1,34696.6292,82469422,1.1,1.1,0.884,16.4
53.6,395,57,5.44,7.562892922,82,100,24.4,89,81,4.76,82,7,111.71186,18395389,6.6,6.6,0.456,8
71,175,0,1.91672673599088,0,94,0,5.9,0,94,3.45023344003807,94,0.2,4849.997495,359288,3.5,3.4,0.706,12.8
72.4,138,25,0.02,0,97,133,5.4,29,98,5.84,99,0.1,74.9594623857163,81.0012707984298,7.5,7.8,0.704,11.8
78,1,1,11.01,2943.375396,6,83,58.5,1,96,8.29,95,0.1,23121.56635,128657,0.8,0.8,0.873,18.2
76,14,1,0.51,1055.835493,98,13,52.3,1,99,2.52,98,0.1,22134.916,7382.90589946555,7,6.8,0.797,13.7
73.7,115,4,0.41,67.70171064,98,3,63.2,4,98,8,98,0.1,387.753211,7992573,3.9,3.9,0.735,12.9
69.9,165,0,0.88,337.2942846,61,3,44.9,0,67,3.87,68,0.1,1886.433359,2937,1.6,1.5,0,10.6
73.7,153,3,8.4,412.4323974,99,77,53.1,4,98,5.5,98,0.1,4492.72764,38258629,2.5,2.8,0.777,14.6
47.6,477,17,1.52,67.34137528,46.114097058974,12,19.4,25,46,4.3,45,8.3,456.8614334,4345386,9.3,9.2,0.338,6.3
53.9,37,5,3.1,22.09757984,65.3467800286795,0,2.1,8,73,5.72,68,5.4,424.9534585,138838,9.2,9,0,8
73.6,169,0,10.14,24.70841046,89,1,59.4,0,92,6.1,92,0.1,1372.68947,25979,2.2,2.3,0.81,15.8
79.7,79,0,10.47,10251.10872,87.5709273244297,84,57.4,0,91,1.87,91,0.1,61753.667,557572,1.1,0.9,0.91,16.9
78.2,18,27,8.74,0,94,140,65.7,31,94,16.2,96,0.1,36.0522904183548,85.5013318945081,0.7,0.6,8.54777625226807,9.38075529893134
73.4,93,0,0.03,159.0098727,99,0,65.5,1,99,3.23,99,0.1,2271.56961,757.516401012703,3.2,3,0.788,14.1
62.7,256,1,0.53,229.4410095,82,28,33.8,2,82,9.14,82,2.1,1622.637974,896688,5.6,5.4,0.464,6.3
52.6,487,32,2.08,10.85148218,8,535,19.2,51,77,4.37,8,13.6,114.587985,12725974,6.9,6.8,0.492,11.1
67.7,273,5,9.46,456.4586664,84,48,57.6,6,91,6.63,9,0.4,3891.37823,462582,2.5,2.6,0.73,14.9
62.8,19,385,0.02,18.84534312,63.2180868646219,2064,16.4,495,65,2.79,62,0.1,533.8624114,138523285,22.2,22.6,0.445,5.3
81,76,2,8,6333.177967,14,6,61.3,2,93,9.57,93,0.1,36189.58838,32312,0.5,0.4,0.886,15.8
58.1,299,27,0.01,50.57976483,51,175,22.7,41,42,5.64,51,0.5,561.997387,118559,7.5,7.4,0.412,8.6
79,186,0,4.73,0,92.9308448219995,0,41,0,99,3.64,99,0.7,90.142849670328,0,3.9,3.9,0.673,12.8
81.2,66,1,10.31,6187.062017,95,0,62,2,92,8.49,92,0.1,36118.28381,26979,0.7,0.6,0.915,20.3
75.3,1,1,5.61,36.62206845,99,0,52.6,1,99,5.87,99,0.1,437.539647,2947314,1.6,1.6,0.713,12
59.2,349,29,2.59,196.9152496,78,896,21.7,43,7,4.91,78,5.6,1734.93612,14699937,6.5,6.3,0.554,12.3
81,72,2,8.4,864.94993,42,14,63.6,2,89,11.17,91,0.1,4773.45436,33628571,0.5,0.4,0.898,15.9
88,7,0,12.26,7878.372355,92,36,56.1,0,92,11.17,92,0.1,48333.57273,8429991,1.8,2,0.884,15.7
77,115,28,8.33,0,88,41,61.7,33,9,14.55,94,0.1,66.1029163854531,37.0000977537254,0.8,0.6,7.849104722522,8.60046408111307
79.9,8,2,11.36,8285.264655,87,917,59,3,95,1.39,96,0.1,45699.19832,821197,1.1,1.1,0.903,16.6
69.3,162,19,0.27,80.15505125,92,1861,18,24,92,5.69,92,0.1,688.6172788,2798531,16.1,16.5,0.545,12.3
54.6,345,14,0.95,2.048574874,35.006421589804,1833,17.1,22,51,4.29,5,5.3,26.6394652,511177,9.2,9.1,0.426,9.4
68.4,165,11,3.13,0,98,0,27.2,14,99,4.69378672830162,72,0.1,74.961783930822,6.99982893098061,5.7,5.7,1.70394684806552,4.31064481525286
73.6,163,9,8.27,0,71,78,57.1,11,73,4.85,71,0.1,74.0129082086858,44.50081868745,1.6,1.6,0.714,12.4
75.6,122,0,10.24,0,99,0,56.5,0,99,7.96,99,0.1,69.8983332908457,0,1.2,1.3,0.829,15
68.4,256,15,11.05,162.8088054,97,129,57.5,17,98,6.83,97,0.2,1674.98771,142849449,2.3,2.5,0.773,13.7
78.7,92,0,12.42,12372.05188,94,0,56.4,0,99,8.2,99,0.1,75716.3518,45895,1,0.9,0.867,13.5
79.3,86,0,12.1,5316.877456,83,15,52.2,0,83,1.56,83,0.1,36693.4262,8171966,1.7,1.9,0.841,14.7
75,144,0,8.64,257.9665308,97,0,42.6,0,98,4.27,99,0.1,14252.29452,4750.72220256835,3.4,3.3,0.781,14.5
48,4,42,0.3,26.87439074,32.6760706958006,24908,14.1,75,26,6.9,26,4.8,197.3156442,866312,11.3,11.2,0.3,4.9
81.6,61,0,6.06,177.6382878,89.5405815485397,3,6.8,0,93,9.72,93,0.1,975.49856,5137232,0.8,0.7,0.945,17.7
82.4,6,1,9.25,423.680459,95,131,65.4,2,96,9.1,96,0.1,2921.9342,466245,0.6,0.5,0.874,17.5
79.4,8,2,7.6,3665.089703,85.7616986287258,34,58.5,2,88,9.1,89,0.1,23691.59472,31819,0.5,0.4,0.867,15.8
58.2,288,3,2.93,0,95,0,21.5,6,94,5.52,95,3,121.142609309019,2.99992668470597,9,8.9,0.415,8.1
73.6,9,0,0.01,239.5751391,99,10,66.3,1,99,2.38,99,0.1,3549.26132,1186.74324506611,3.2,3.1,0.789,14.2
73,135,1,9.6,503.1115947,65,2,53.9,1,98,8.7,98,0.1,3528.1318,744769,2.5,2.6,0.73,13.2
76.3,19,0,12.21,2160.380199,97,2,6,0,96,8.18,96,0.1,14157.14416,442978,1.7,1.6,0.803,14.2
68.7,223,0,0.01,188.7373664,97,1,21.9,1,97,3.7,97,0.6,2422.816,752967,16.1,16.7,0.581,12.3
73,117,0,0.01,414.0242418,97,0,3.5,0,95,4.76,95,0.2,3529.61843,526437,6.8,6.7,0.643,13.5
75.5,98,0,2.0965929020718,0,97,0,54.5,0,97,3.75023344003807,97,0.1,15557.8381,5185.89949021301,3.8,3.7,0.794,15.3
73,192,4,3.61,15.25518816,83,0,42.8,5,85,5.39,83,0.4,116.2743,526796,2.2,2.1,0.562,10.1
65.6,22,7,2.75,579.4128244,98,0,45.9,8,98,1.96,97,0.1,6675.262954,5267839,3.2,3.3,0.672,10.7
63.5,232,60,0.01,227.8353208,93,2813,25.9499832972594,88,93,8.42,93,0.3,1955.66799,36849918,4.6612556500093,4.66670791473856,0.478,7
86,72,3,10.42,0,92.2688801698998,2092,64.8,4,95,9.41,95,0.1,52.8173665282657,1048.02551372232,0.8,0.5,6.85598631731491,7.25014815661144
65.3,27,0,0.48,18.21661422,91,0,75.2,0,95,1.52,91,0.1,1493.1651,12652,0.1,0.1,0.584,11.9
73.2,159,4,3.14,231.9112915,92,0,45.1,5,93,8.4,93,0.6,1751.595857,7872658,2.3,2.3,0.597,11.1
60,266,2,0.24,69.9675435,68,912,19.2,2,67,4.32,68,0.1,621.93372,611627,7.5,7.4,0.434,9.7
57.9,278,239,1.82,0,74,133802,19.6,319,77,3.53,74,1.6,111.3384773339,67062.1310575654,1.2,1,2.32601049844737,2.25942751777319
69.6,139,0,1.83,300.1621026,96,20,15.2,0,98,8,98,0.1,2182.99711,286,14.8,14.8,0.577,11.3
77.5,74,0,1.16,4409.17067,93,101,66.5,0,92,1.93,93,0.1,85948.746,28682.9925146267,5.1,4.6,0.827,12.4
88,73,2,11.86,4460.390006,97,362,61.1,2,98,8.23,98,0.1,28482.6948,44397319,0.6,0.5,0.844,15.9
74.5,149,3,2.87,345.3776344,97,0,5.2,4,97,8.72,97,0.3,2242.711912,889216,2.1,2.1,0.618,11.4
55.6,297,5,2.64,28.30191127,70.5060039595394,12,21.9,7,77,6.5,77,6,583.5445622,148841,8.5,8.4,0.398,8.8
76.3,87,0,0.76,170.0494537,93,23,63.3,0,93,2.56,93,0.1,2843.63635,955.537164689913,4.8,4.5,0.809,12.6
64.1,225,58,0.488,0,93,3585,34.1513871313833,85,93,0.488,93,0.3,2513.884661,3864783,0.488,0.488,0.488,7.2
77,116,0,1.09993166628832,0,95,0,64,0,95,1.45023344003807,95,0.1,15524.84247,3431552,1.5,1.4,0.794,15.5
62.5,251,16,5.85,41.30079452,64.2413556027499,0,43,21,65,6.68,65,2,668.297646,985287,4.1,4.1,0.466,8.5
79.7,77,0,11.41,7620.823456,89.6605540477296,164,58.2,0,94,9.53,94,0.1,51983.78892,4535375,0.3,0.2,0.909,17.9
73.2,14,1,3.96,2.8888979,89,0,5.1,1,91,3.8,89,0.1,41.26997,29822,2,2.1,0.721,12.3
49.8,416,87,2.16,40.82597077,76,7155,17.3,127,76,6.45,76,14.5,262.884551,19139658,4,4,0.311,6.2
84,74,0,10.85,6853.628494,90.9190939415677,0,51.8,0,95,1.61,93,0.1,41336.72192,7284753,0.6,0.5,0.89,15.2
87,74,2,9.23,0,94,114,29.5,2,95,6.79,94,0.1,53.1337730798472,58.0013685521551,1.5,1,5.5571689081323,5.97358862472754
74.4,111,0,8.95,25.52277112,85,0,49.2,0,85,6.1,85,0.1,1657.3228,552.435975255354,3.9,3.9,0.775,15.3
72.7,135,10,1.29,93.50075111,8,290,44.6,11,83,4.92,82,0.1,1258.421953,16766899,6.7,6.5,0.589,10.1
77.5,111,28,8.48,0,92,37,63.1,33,92,15.14,96,0.1,65.4701032822901,35.0000488768627,0.7,0.6,8.10012546618098,8.88059448376741
56.6,343,26,1.71028169825502,46.0744686,45.9663909858103,441,21.1736848431479,39,44,2.74,39,3.5,1151.861715,1153971,1.64247693935678,1.64406895672107,0.421,4.9
72.3,126,0,5.28,345.463714,96,0,25.5,0,98,4.3,98,0.6,3112.285712,486438,8.1,8,0.602,11.9
71.4,167,18,4.66,477.1341814,78,1,46.7,21,82,5.91,79,0.1,2472.197831,443958,2.6,2.3,0.65,11.3
73.6,157,8,3.88,187.3843511,75,0,45.1,10,88,4.62,88,0.3,2183.966796,13726,1.5,1.4,0.675,12.5
73.9,158,10,5.95,71.6850913,98,2583,27.9,12,99,3.81,99,0.2,575.32176,672888,8.2,8.3,0.711,13.1
68.5,183,129,0.08,254.4688257,83,15489,24.7,154,84,2.9,83,0.3,3687.953996,248883232,1.5,1.4,0.669,12.6
54,363,228,0.79,10.97201912,48.010705846312,228,13.2,360,55,4.64,37,4.4,118.8734466,72545144,11.6,11.5,0.306,5.2
75.4,124,1,6.67,14.47305874,94,0,59.5,1,94,8.23,94,0.1,79.69746,3339741,1.6,1.5,0.76,15.3
66.1,2,0,0.01,97.87193319,75,0,77.1,0,79,1.21,75,0.1,1684.54274,11458,0.1,0.1,0.597,11.9
73.1,138,3,0.48,264.2496129,95,632,28.8,4,96,3.95,96,0.1,4463.675893,2468873,9.3,9.1,0.724,12.1
74.6,144,11,4.38,1435.487755,9,0,57.2,12,9,7.2,9,0.1,7913.383432,47791911,2.1,1.9,0.72,13.6
65.1,226,12,2.66,0,84,0,45.4,16,84,5.22,84,0.2,98.0521536283443,7.99980449254927,1.4,1.2,0.62,14.6
64.2,263,1,0.96,2.586698228,89,3,16.1,1,9,4.41,89,0.3,197.45788,64282,18,18.8,0,8.8
67.3,192,24,1.78,40.13342094,99,737,37.5,28,99,5.11,99,0.3,546.776852,26167,3.2,3.2,0.62,11.7
73.4,157,4,3.08,286.1211446,97,0,45.9,5,97,8.84,97,0.5,1815.489496,83521,2.3,2.2,0.603,11.3
47.1,433,28,3.97,49.8371267,84,31,21.2,42,81,13.13,84,1.7,394.5932439,63126,8.5,8.4,0.375,8.5
56.9,283,44,4.55,81.14304705,92,54118,16.1,77,91,7.41,92,1.1,552.7455521,1514199,9.3,8.8,0.356,5.9
68.6,164,9,3.16,0,92,8,29.2,12,98,4.52298921065978,92,0.1,80.9701550679396,9.99995112313731,5.4,5.4,1.71982750992756,4.18904450823595
79.1,9,0,10.52,3505.389434,90.8715638745895,0,56.4,0,96,9.38,96,0.1,24633.79785,239669,1.7,1.7,0.873,16.9
78,95,0,1.11636506809801,0,94,206,63.7,0,94,1.45023344003807,94,0.1,11579.6674,42364,1.5,1.4,0.823,15.3
81.6,66,0,8.7,0,92,10,67.5,0,92,3.6193563693054,92,0.1,3821.8937,1277.28656277101,0.4,0.3,0.913,19.2
46.8,388,95,3.49,35.93349121,16.9879920809212,1196,16.8,155,4,4.41,4,2.4,779.468356,1823369,1.4,1.3,0.406,5.9
77.3,11,0,11.54,650.9813544,90.3253399085695,0,53.9,0,96,9.51,96,0.1,4458.7764,539574,1.2,1,0.882,16.3
62.3,229,3,0.38,8.415788935,58.6083261221701,41,13.2,3,57,1.31,57,0.1,467.5438297,996698,12,12,0.484,10.2
63,268,21,1.44,55.59543946,67.1792534465998,653,13.1,26,69,6.74,69,1.9,362.4213785,12853124,11.6,11.7,0.445,9.3
69.4,184,0,6.48,387.3324928,98,0,44.4,0,98,4.4,98,0.6,4187.3783,29747,3.6,3.5,0.692,12.3
72.6,132,2,0.01,532.6700005,98,8,58.2,2,98,2.4,98,0.1,14396.4865,4802.11916170276,5.5,5.4,0.757,14.8
57.6,355,60,1.79459247704615,0,8,79,22.6,81,8,3.55023344003807,8,3.9,528.3125597,281691,3.6,3.5,0.414,9.1
55.1,477,3,4.89,457.7200522,76.6231552499892,4,27.9,4,86,7.32,86,22.1,3573.146387,232196,13.1,13.1,0.565,11.6
61.3,236,23,0.34,10.43022617,89,3,19.9,38,89,5.44,89,0.7,89.838296,11556763,11.2,11.1,0.422,6.6
79.3,82,4,11.61,0,88.1460864619696,764,61.3,4,92,8.36,92,0.1,55.0318684567278,384.00928660391,0.7,0.5,6.92127441550805,7.23119335623764
62.9,222,1800,1,19.00340606,59.8583783738761,51780,11.8,2400,58,4.5,59,0.3,447.138966,171477855,27.5,28.5,0.494,8.3
53,432,72,1.43,36.29775249,73,20,15.9,112,73,4.29,73,13.2,458.8843551,3574931,8.7,8.6,0.461,8.9
51.6,47,60,4.58,53.70597428,61.6302082718396,1448,21.8,97,66,4.86,66,7.8,676.397661,1684886,7.4,7.5,0.452,8.4
81.8,67,2,8.2,9733.228019,55,83,65.8,2,91,1.67,91,0.1,52413.72116,35155451,0.5,0.5,0.909,15.9
75.5,99,0,4.25,3.479918859,36,28,49.9,0,87,9.4,84,0.1,265.642661,3781287,3,3,0,12.3
74.1,172,0,10.49,0,93,0,58.1,0,93,5.95,93,0.1,83.8169542006522,0,2.6,2.5,0.786,12.4
74.3,143,11,4.44,1487.896562,92,1,55.7,13,91,6.93,91,0.1,7884.984429,46881475,2.1,1.9,0.707,13.2
62.1,23,22,0.32,8.309152927,94,11,2.3,36,93,4.72,94,0.7,95.3978522,11873557,11,1.9,0.425,6.8
63.4,24,38,0.05,0,79,13,35.1,49,79,4.92,79,0.1,32.5742258792164,30.9995601082358,13.8,13.8,0.477,8.6
51,361,75,8.06,239.8913921,72,1449,21,115,73,3.38,71,2.5,4299.12889,24218565,8.9,8.8,0.495,9.4
62.4,281,10,0.01,25.70881695,73,12,47.2,13,8,4.78,79,0.8,229.95364,7592865,1.3,1.3,0.506,10
55,32,5,2.98,31.06932595,68.8845163525674,1,21.3,7,76,6.1,74,5.7,481.694976,1445958,8.7,8.6,0.394,8.8
76.6,118,0,6.67,1871.736563,95,0,6.7,1,95,8.78,95,0.1,9415.17386,3362755,1.5,1.5,0.774,15.5
53.1,334,3,5.07,197.7839552,43.0934405227623,1339,18.7,4,43,1.78,35,2.3,2283.87939,639762,1.6,1.4,0.527,8
62.1,243,73,0.35,2.511437292,77.9118319128933,845,13.6,100,88,1.84,82,0.4,193.187484,4695462,13.3,13.7,0.417,7.5
72.4,149,4,0.54,23.37167228,97,6187,26,5,98,3.4,98,0.1,445.17471,2318568,9.8,9.6,0.715,11.6
52.4,336,52,0.01,0,48.5460149591961,115,22,83,49,4.20269286337157,45,0.8,120.514267329763,99.0003910149015,7,6.8,0.381809237633082,3.12929116559024
58.8,272,238,0.01,0,74,88381,2.6,314,74,3.89,74,1.2,109.440553923324,44348.5761096665,9.9,9.6,1.68593480917,4.21003048737892
58.6,318,2,1.23,12.70325933,67.2371237896397,298,3.2,2,71,7.21,71,3.9,94.7297489,783254,5.9,5.8,0.396,4
73.9,151,0,12.68,0,99,0,41.3,0,99,6.81,99,0.1,79.0716297752986,0,4.3,4.4,0.707,12.8
68.8,164,10,0.01,71.50892145,94,16,38.2,12,96,6.39,94,0.2,954.725253,799562,3.6,3.7,0.613,11.1
58.8,284,27,0.01,5.140668848,63,53,22.2,41,63,5.49,63,1,54.169324,11536615,7.7,7.6,0.406,8.5
79.4,85,0,10.98,5579.199083,94,15,6.6,1,99,9.17,98,0.1,38852.3613,1547958,0.8,0.8,0.865,15.7
52,46,106,3.37,0,89,5131,16.8,166,91,3.59,89,12.1,42.6956242374369,2648.56066840581,8,8,6.17168128695898,4.75115162301072
73.7,133,3,0.43,409.9812523,96,394,32.5,4,97,3.61,97,0.1,7269.17114,26625845,8.7,8.5,0.736,12.3
73.7,146,4,2.29,127.6377505,98,44,17.9,5,98,3.76,98,0.1,1644.816372,19668,15.4,15.5,0.725,13.2
51,413,22,3.45088354442393,0,86,607,24.4,30,86,7.35023344003807,86,0.5,587.538233,723725,7.4,7.3,0.431,9.5
78,148,3,0.01,457.3202236,92,0,52.8,3,94,3.41,94,0.1,7145.628494,2382.8547677193,5.7,5.5,0.727,15.5
73.3,144,0,8.25,780.4459281,97,0,46.5,0,98,6.15,97,0.1,7955.615985,2651.84819482998,3.8,3.8,0.746,15.8
72.3,116,20,0.62,188.2902861,98,834,52.7,23,99,5.67,99,0.1,2861.5545,31989897,6.4,6.2,0.596,10.5
78.3,86,4,11.85,0,87.1460864619696,460,59.5,4,91,7.81,91,0.1,55.9809161451681,232.005571962346,0.7,0.5,6.82075698121575,7.09508323777308
88,73,0,7.53,2163.043414,96,1,66,0,99,8.8,99,0.1,21673.7817,1892413,0.8,0.7,0.862,17.2
73.2,17,1,1.98,70.13207838,77,36,59.1,1,77,1.5,77,0.1,5436.595223,3522837,4.8,4.7,0,15.2
54.8,373,54,5.89,9.042540892,8,251,25.4,85,79,5.7,8,6.3,123.19538,19432541,6.3,6.3,0.473,9.2
66.3,198,0,0.375401147569231,0,82,0,77.6,0,8,0.1,78,0.1,1424.483611,11247,0.1,0.1,0.586,11.9
74.3,118,1,0.63,854.0115758,99,25,49.5,1,99,2.59,99,0.1,12376.97936,4134.28966052906,7,6.8,0.742,11.5
81,68,2,1.00026625108604,0,88,2464,62.3,3,94,1.1,95,0.1,41176.88158,81686611,1.1,1.1,0.924,17.1
63.2,231,69,0.4,3.824212472,8,830,15.2,93,86,1.97,78,0.5,219.782326,47624894,13.3,13.6,0.445,7.7
57.7,274,27,1.51,0.328418056,59.5808255709319,12237,12.1,36,62,5.87,59,2.1,3.685949,12152354,11.6,11.9,0.401,7.2
78.7,16,25,8.67,0,91,220,67.5,29,94,17.6,96,0.1,35.419649281496,124.502333870193,0.7,0.6,8.99373208661078,9.90526787171051
71.9,155,0,1.51,310.8203382,88,0,67,0,85,5.3,84,0.1,1842.44421,99184,0.1,0.1,0.679,13.5
59.2,48,43,7.38,1089.954838,68,32,48.7,56,65,8.79,65,7.6,7548.163698,5256515.8,6,7.3,0.644,12.8
74.4,12,3,1.46,420.1153538,99,3,53.1,4,99,5.64,99,0.1,3371.71231,1196136,6.3,6.3,0.689,14.2
86,92,3,12.4,5689.991931,39,40,58,4,99,1.53,99,0.1,36544.5853,63621376,0.6,0.6,0.87,16.1
62,298,7,3.53,0,74,4,24.5,10,72,2.29,74,3.8,117.664888702488,6.99992668470597,8.1,7.7,0.548,10.5
59.4,34,7,1.07,5.064688968,96,19,13.9,9,96,2.97,96,1.6,276.75896,39697,9.4,9.5,0,5.4
72,174,0,11.85,0,14,0,37.9,0,9,6.33,74,0.1,78.4411382172414,0,4.4,4.5,0.681,12.5
54.3,321,51,0.01,0,42,10229,23.8,80,47,4.02014966551535,42,0.8,417.89143,3575.72732237795,6.7,6.5,0.381809237633082,2.99147270466578
65,271,2,2.91,122.1206485,98,26,43,2,98,4.68,99,0.1,1334.651896,255812,2.2,2.4,0.649,12.7
67,325,71,0.01,90.76144414,78,7878,17.6,103,82,7.47,78,4,662.492293,37553726,5.7,5.7,0.478,10
76.3,116,8,0.90139958914188,0,94,0,62.8,9,93,0.950233440038075,94,0.1,13467.1236,43417765,1,0.9,0.826,17.3
78.7,84,2,9.03,0,99,7,27.2,3,96,5.33,96,0.1,56.929447934696,5.00004887686268,1.6,1,4.99615948714115,5.33673383067586
74,113,4,0.41,63.8784522,98,20,64.8,4,98,7.45,98,0.1,466.94775,88936,3.9,3.9,0.737,13.1
67.7,189,149,0.07,10.26341108,82,15369,21.3,181,83,2.81,77,0.2,216.52766,236159276,1.7,1.7,0.641,11.7
86,74,3,10.68,0,92.2688801698998,1112,64.2,4,95,9.34,95,0.1,53.4500076651245,558.013538890963,0.8,0.5,6.92383107576763,7.30835435205381
73.6,133,0,4.3415091037645,527.3076721,73.6,0,55.7,0,73.6,8.46,73.6,0.1,3674.617924,614261,2.3,2.3,0.746,12.8
41.5,57,30,4.07,38.61473209,61.1653323938113,586,18.4,47,66,11.69,73,1.9,263.7618312,5199549,9.7,9.8,0.322,7.4
73,139,0,2.15,558.7206486,58,0,72.9,0,6,5.8,65,0.1,3942.9827,187665,0.2,0.1,0.693,12.9
75.8,85,1,1.86,4003.908598,92,55,54.8,1,94,2.93,92,0.1,45758.9554,15271.5154303097,5.1,4.9,0.829,13.1
82.7,56,1,0.759233996845584,0,93,159,63.6,2,93,0.6,93,0.1,349.14755,673582,0.6,0.6,0.881,16.3
56.2,376,92,3.44,0,86,3413,19.6,138,89,4.21,86,7.4,146.132708063311,1775.54001793132,7.3,7.3,4.93612976411012,4.82087725318717
47.8,467,65,3.15,0,1,5790,19.9,94,7,4.85,66,7,168.59318808484,2942.06960065246,7.9,7.9,4.9243433779998,5.14356133923229
77.2,17,1,12,1904.00231,82,8,51.7,1,96,9.15,98,0.1,12882.28897,1419631,0.8,0.6,0.788,15.9
76,84,1,1.73,292.4022672,93,0,55.1,1,94,4.5,93,0.1,3372.57517,1124.51496055715,5.1,4.9,0.831,13.2
65.5,22,28,3.36621777503362,0,69,3,2.5,38,71,7.1,69,0.3,41.8575951,2423488,7.1,7.1,0.511,10.3
70,177,0,6.58,670.0920883,95,0,5.1,0,95,5.79,95,0.2,4852.223666,351694,3.4,3.4,0.705,12.8
72.3,195,0,15.07,101.1201161,9,0,55.2,0,95,5.13,94,0.1,885.465115,136255,2.2,2.3,0.805,15.7
74.9,113,1,0.57,88.45038011,99,24,5.6,1,97,2.43,99,0.1,1585.13226,536.70623597931,7,6.8,0.753,11.5
73.1,144,15,4.38,531.9808176,93,0,5.5,18,93,5.82,93,0.1,3386.256,43285634,2.4,2.1,0.658,11.1
59,284,26,3.39791707374131,0,54,243,23.3,40,42,7.3,54,0.5,554.48766,1291533,7.3,7.3,0.414,8.8
75,127,49,4.77,12.1859723,97,0,54.1,58,98,5.52,97,0.1,716.8219,1435568,1.9,1.8,0.703,11.6
83.2,51,0,9.61,19479.91161,92.1157406860796,23,57,0,96,11.66,96,0.1,85814.58857,8188649,0.4,0.3,0.936,15.9
72.3,182,0,4.94,75.2256582,99,0,32.4,0,99,2.64,99,0.1,976.9566,87298,5.8,6.2,0.739,13.2
56.4,36,31,0.19,1.399626733,57,3,19.4,48,46,3.8,63,2.4,49.456775,196727,8.9,8.8,0.364,7.6
70,226,0,14.09,434.7985025,98,0,58.7,1,98,6.9,96,0.1,5176.172649,956765,2.1,2.2,0.771,15.4
63.6,37,7,0.01,0,71,740,55.2,9,5,3.25,41,0.1,24.6694790282595,1989141,6.3,6.1,0.635,13
47.9,461,67,3.45,0,60.1359792086435,5729,19.4,95,66,6,65,7.1,166.379030088986,2912.06884306109,8.1,8.1,5.44754707215017,5.7480329985048
67,19,13,2.12,60.18591771,88,722,17,15,87,5.64,88,0.3,882.491462,14537886,11,11.2,0.533,10.7
73.3,94,0,0.01,1209.680547,99,0,65,1,99,3.56,99,0.1,17789.41981,5930.08671085427,3.2,3,0.785,13.9
72.7,134,1,3.03,7.341493148,93,4,48.1,1,96,5.56,94,0.1,93.1661567,31786,2,2.1,0.657,10.8
75.4,124,1,5.86,27.46880965,95,0,56.3,1,93,7.18,95,0.1,488.768855,3327773,1.7,1.7,0.746,14.7
55.3,388,68,1.76,52.60385429,8,1847,16.9,104,77,4.24,8,10.3,697.66385,37525,8.5,8.4,0.483,9.7
84,7,0,11.72,6386.95437,95,285,59.7,0,95,8.15,95,0.1,52567.52568,4576794,0.3,0.2,0.909,18.5
99,99,0,4.13096667267128,344.6906308,99,0,83.3,0,99,9.27,99,0.1,1932.12237,292,0.1,0.1,0.779,14.2
75,192,13,2.4,380.9632429,85,0,45.2,16,85,6.86,85,0.4,2489.955836,137286,1.3,1.3,0.578,10.1
77,137,111,0.01,59.2589257,94,1986,16.4,139,94,3.8,94,0.1,856.342857,15572753,18.5,19,0.557,9.9
68,274,169,1.17,53.77354001,56,1176,15.3,256,65,4.41,58,2,379.7566385,85416253,11.1,1.8,0.393,8.1
66.4,192,19,0.26,12.80528533,89,32,23.8,27,85,4.66,89,0.3,152.443873,14546111,9.7,9.5,0.483,9.1
58.5,343,7,0.83,0.703132179,86,460,13.1,10,92,4.2,9,1.9,21.7687981,3614639,9.9,9.9,0,4.4
51.7,419,60,3.13,0,62,628,25.6,83,58,6.42,62,3.3,152.144862459119,355.506659472541,6.1,6,4.28892436960304,5.21955156205709
66.7,174,10,0.3,35.71613793,93,0,35.9,12,93,5.93,93,0.2,666.3458569,7472819,3.7,3.8,0.601,11.1
79.5,87,0,10.32,3187.496219,90.9929469781495,2,57,0,96,9.7,96,0.1,23437.4722,248583,1.6,1.6,0.872,16.9
73.7,144,1,10.67,875.1495189,96,157,63.3,1,95,6.88,95,0.1,7813.83499,7348328,2,2,0.775,14.2
73.2,154,3,3.38,302.7045411,98,0,5.2,3,99,6.58,98,0.1,1526.497938,5737723,1.9,1.8,0.614,11.4
73.9,92,8,0.09,173.5755595,98,362,64.7,9,98,3.57,98,0.1,2377.74739,916.245447233241,7.4,7.4,0.804,13.9
65,29,17,5.57,38.10904264,23.9040077751016,0,38.5,24,6,4.41,6,3.9,465.311876,926344,4.4,4.4,0.452,8.2
78.3,79,0,0.01,3192.634413,99,1,38.2,0,99,2.3,99,0.1,47651.2599,15883.9440885723,5.8,5.3,0.852,14.4
75.3,126,42,4.93,998.3498049,98,6,56.4,49,98,6.4,98,0.1,7986.798439,18472228,1.8,1.7,0.719,12.2
68,252,48,0.07,0,14,0,31.2,66,74,4.14,74,0.1,103.114142554736,32.9991935317657,14.1,14.1,0.436,7.7
71.1,144,0,4.16,209.0865,66,0,23.2,0,93,5,92,0.9,1768.92132,46147,8.9,8.9,0.572,11.3
66.2,24,0,5.58,63.04032682,98,0,26.9,0,98,5.24,98,0.5,1129.754961,174776,6.1,6,0.542,10.6
75.7,12,0,1.33273013619601,0,92,1,6.3,0,92,2.1,91,0.1,32.5731940813916,0.500012219215671,2.1,2.1,0.746,12.9
76.2,117,1,6.58,1712.225506,95,0,58.9,1,95,11.17,95,0.1,5877.87678,333143,1.6,1.6,0.756,15.2
69,279,1,0.49,177.2671607,89,48,31.7,2,89,8.37,89,3.2,1253.657431,83684,5.7,5.6,0.436,5.3
52.4,437,74,1.49,35.85204668,73,65,15.5,115,75,4.45,73,14.5,436.6875357,3413852,8.8,8.8,0.45,8.2
61.1,258,9,0.01,45.04892458,76,0,26.1,11,75,9.25,76,1.1,454.1222236,4286291,6.8,6.7,0.419,9.8
57.4,41,3,5.73,35.80978512,49.3627235135474,469,24.5,4,8,6.11,79,22.8,257.99557,1899257,15.7,15.9,0.559,11.5
74.7,115,1,0.58,78.51141,99,13,5.1,1,98,2.31,98,0.1,1448.55,487.512451852808,7,6.8,0.748,11.6
68.5,224,7,6.63,179.170133,99,127,49.9,7,99,4.6,99,0.1,11634.42422,165566,2.3,2.5,0.766,14.4
61.1,295,11,0.71,85.7175381,61,0,42.7,14,72,4.4,71,1.4,956.668952,6627922,1.4,1.3,0.461,8.6
76,119,8,8.28,1001.796332,94,0,61.6,10,99,4.99,94,0.1,12976.63642,42539925,1,0.9,0.823,17.3
64.1,235,36,0.03,0,76,130,36.4,46,76,5.32,76,0.1,98.3691620619902,88.0010264141164,13.8,13.7,0.483,8.4
63.4,249,54,3.69164954757835,0,89,95,22,75,83,7.70046688007615,89,2.8,1349.97144,47236259,7.8,7.6,0.55,11.1
51,53,109,10.16,4.426792406,44,29429,13.9,173,57,7.54,59,9.4,237.9995917,2662482,6.7,6.7,0.418,11.5
52.3,412,59,3.15,0,8,48,26.8,81,79,5.81,8,2.4,132.853950875136,64.4995967658829,5.8,5.7,3.80971502157969,4.90364142388203
76.4,94,0,14.07,3794.581463,83.0868055145597,0,51.5,0,86,6.3,86,0.1,26241.91883,385174,0.3,0.3,0.848,16.2
79.9,72,2,9.3,3519.258515,95,10982,57,3,97,8.17,96,0.1,27387.2258,5731323,0.5,0.5,0.841,15.4
67.2,262,1,12.23,145.4233629,99,14,55.3,1,99,6.47,99,0.1,1479.383142,9865548,2.5,2.7,0.687,13.6
67,223,65,4.22,105.7306982,49,118,2.1,84,9,3.91,89,0.1,1194.697155,86274237,1,9.7,0.642,11.6
66.3,164,207,0.01,0.397228764,77.9322554263696,3484,11.2,280,83,2.59,83,0.1,4.6135745,1366667,2.5,21.1,0.476,7.7
66,259,2,0.16,9.087638194,75,0,2.1,2,75,4.93,75,0.1,72.759313,64162,7.3,7.2,0.459,10
74.7,142,1,3.33,235.7067417,9,0,49.7,1,9,5.16,9,0.6,4293.383274,28482,1.9,1.7,0.721,12.7
45.3,686,25,1.72,0,76,529,25.9,39,76,6.16,75,42.1,548.587312,12366165,1.6,1.7,0.427,9.8
53.2,446,99,10.09,44.52614001,64,22,14.5,155,59,9.36,64,8.7,315.788227,2854394,6.5,6.5,0.429,10.9
71.2,17,0,2.91142171360456,0,9,0,47.1,0,88,5.79953311992385,96,0.3,17321.83373,13692,5.7,5.9,0.779,12.7
77.3,15,0,14.21,2283.891796,94,8,52.5,1,96,9.54,99,0.1,15772.7334,1458821,0.7,0.6,0.789,15.8
81,67,1,10.3,579.1331637,95,10,61.5,2,92,8.45,92,0.1,3416.71483,23948,0.7,0.6,0.91,20.3
73.1,166,1,3.48,155.5884677,36,0,44.5,1,99,4.56,96,2.3,3465.221998,2712511,1.9,1.8,0.694,11.9
63.6,274,6,0.01,0,94,194,17,8,94,2.98,94,0.6,116.39788676573,101.002272774115,8.7,8.6,0.41,5
69.6,158,18,0.01,8.523486403,92,1279,18.5,22,92,5.8,92,0.1,76.2386977,28323241,15.9,16.3,0.551,12.4
71.9,164,0,9.06,95.19375921,96,0,41.8,0,96,5.88,96,0.1,7322.596862,2440.84371424853,3.9,3.9,0,15.3
77.9,64,0,0.01,1626.591186,99,0,25.1,0,99,11.16,99,0.1,7112.33575,393,13.7,13.8,0.683,12.4
78,1,0,8.94,2775.33544,90.9555241644975,1,56.1,0,95,7.43,98,0.1,24913.24452,51888,0.9,0.8,0.856,17.7
71.6,16,1,10.72,25.06262895,93,8,57.5,1,94,7.23,94,0.1,1764.97387,89142,2.4,2.5,0.713,12.9
57.4,327,3,10.72,156.3907685,19.5081020841615,321,23.5,4,3,3.73,3,5.7,2246.9938,183746,8.6,8.6,0.586,9.2
81.7,63,0,10.44,11892.33429,90.2674695655297,1015,54.1,0,94,1.21,94,0.1,63223.46778,7551117,0.5,0.4,0.911,15.3
73.6,15,13,4.34,941.6464045,92,0,53.5,15,92,7.1,92,0.1,5148.422113,45416181,2.2,2,0.691,12.4
88,66,2,8.65,4506.255963,96,135,58.2,2,97,8.71,95,0.1,31959.26215,57969484,0.5,0.5,0.851,15.8
77,16,0,13.25,0,99,2,62.6,0,99,6.82,99,0.1,36.368353037328,1.00002443843134,1.9,2,6.98001268940942,7.58830174277384
73.3,159,65,7.19,394.9321299,99,0,49.4,73,99,8.28,99,0.1,7313.557962,19126637,3.1,3,0.7,13.5
71.7,167,0,9.06,662.2663687,91,0,41.1,0,91,5.99,91,0.1,6764.722867,2254.8873848615,3.9,3.9,0,15.1
69.4,164,0,1.58,0,81,140,68.7,0,76,13.71,77,0.1,76.2266362887793,70.0017106901939,0.2,0.2,0.639,11.7
73.3,135,0,0.01,565.9672173,8,0,74.8,0,82,5.18,8,0.1,4192.349758,15782,0.1,0.1,0.716,14.3
82,85,0,11.92,3108.288623,97,2,58.8,0,97,1.7,97,0.1,23196.18375,155756,0.7,0.5,0.818,16.2
59.6,271,2,0.26,45.09010835,28,0,18.4,2,8,3.65,8,0.1,544.566526,583211,7.6,7.6,0,9.2
74.3,89,8,0.09,2047.113102,98,1164,66.4,9,98,4.25,98,0.1,24934.38614,8702.39861591202,7.6,7.5,0.83,15.2
56.7,337,3,11.89,1500.412635,27.0958241135175,1190,23,4,3,4,24,8.2,21557.6528,138593,8.7,8.7,0.583,9.2
58,399,25,6.39,10.66670728,95,0,3.8,36,95,6.88,95,6.8,111.227396,155456,6.2,6,0.488,10.4
76,89,0,0.12,1406.51194,99,24,29.1,0,99,3.9,92,0.1,18555.56649,6193.13355022695,6.6,6.1,0.823,13.4
75.2,144,2,10.4,9.1455559,98,120,56,3,99,6.17,99,0.1,94.7726,38141267,2.3,2.4,0.803,15
75,144,2,9.5,79.41502672,98,13,55.5,3,99,6.2,99,0.1,821.251569,38165445,2.3,2.5,0.797,14.8
99,99,0,0.01,0,99,0,4.3,0,99,4.3,99,0.1,45.7922565705051,0,4.3,4.3,1.48003945632397,2.33946216185266
71,198,4,8.44,52.42529588,46,0,6.1,5,72,7.67,76,0.2,429.71554,454896,2.3,2.4,0.744,15.2
72,153,0,1.79,45.85105771,85,0,67.8,0,91,5.9,9,0.1,229.714718,99789,0.1,0.1,0.683,13.7
71.7,193,1,12.22,75.36251406,90.7156031820293,1,56.1,1,99,7.6,99,0.1,4623.46712,121971,2.3,2.3,0.761,13.9
74.2,111,0,1.72,0,97,27,56.4,0,96,6.85,95,0.1,65.1538686970128,13.5003299188231,2.4,2.4,0.714,12.2
78.8,88,0,12.2,504.4308735,83,90,51.7,0,84,1.48,84,0.1,3212.9355,8121423,1.7,1.9,0.837,14.7
73.4,97,8,0.09,117.9227998,98,82,63.1,10,98,4.9,98,0.1,1694.2931,595.426688793758,7.3,7.3,0.787,13
51.4,394,62,3.91,4.720593531,57.1578133264899,14629,2.9,100,57,4.48,62,7.7,68.414399,15274234,7.7,7.8,0.433,6.9
72.8,135,9,1.25,91.70356833,8,538,45.3,11,86,4.94,84,0.1,1263.13455,178791,6.6,6.5,0.596,10.2
67.9,221,0,4.41,250.7112373,71.7774723154438,0,49,0,74,7.14,73,1.6,2232.513244,48344,3.5,3.5,0,11
56.4,364,48,0.01,63.07890158,89,760,27.8,73,88,4.29,89,4,1365.34419,21655715,5.8,5.8,0.501,10.4
68.5,183,19,2.83,140.6905284,99,476,41.4,22,99,5.65,99,0.1,1564.966945,293394,3,3.1,0.664,12
81.5,62,0,6.21,234.782883,90.2067780137497,8,6.3,0,94,9.39,94,0.1,1291.435,579623,0.8,0.7,0.942,17.5
75.4,18,1,0.56,1040.629462,98,19,51.5,1,96,2.83,98,0.1,16784.34616,5601.39868418259,6.9,6.8,0.782,12.4
66.8,215,0,1.18,16.83170578,79,0,4.4,0,84,6,84,0.1,744.7657423,446769,1.3,1.3,0.453,8
65.8,235,0,0.71,4.24926073,81,0,37.9,0,88,4.56,86,0.1,154.518572,41269,1.4,1.4,0.455,7.2
62.8,225,22,0.28,1.08833088,88,6,2.8,34,87,4.94,88,0.6,11.33678,1223957,1.8,1.7,0.435,7.1
73.5,144,14,4.66,780.5946749,93,0,52,17,93,6.25,93,0.1,4674.21961,44374572,2.3,2.1,0.675,11.9
72.9,14,4,0.49,216.7029481,95,408,27.9,4,94,3.4,94,0.1,4167.364387,24198811,9.5,9.3,0.723,12
79.3,91,2,7.67,181.525923,94,1,59.9,2,94,7.39,94,0.1,1243.32824,16829442,0.8,0.9,0.816,15.3
59.7,278,68,1.59,37.04479956,69.6605540477296,9562,22.6810417163454,102,74,3.39,74,0.2,565.569459,3186341,1.98200901017095,1.98405137828597,0.415,5.7
69,227,49,0.01,31.50243237,67,1224,18.5,89,56,5.9,67,0.6,416.14838,18426372,1,9.9,0.341,5.3
55.5,281,25,1.29,45.33476384,70.1042228283834,5859,18.8,40,77,4.69,76,2.1,378.73654,776733,9.5,9.4,0.395,6.6
51.9,428,77,1.51,0.681685555,48.8080119053953,21002,14.4,121,8,4.68,82,18.1,43.9797132,3145483,9.2,9.1,0.448,8.4
76.9,12,0,11.69,508.7496912,90.9004990461095,14,52.2,0,97,8.7,97,0.1,3743.55917,5339616,1.3,1,0.86,16.5
68,282,18,6.39,0.661540371,97,6,17.1,28,97,7.66,97,3.7,5.6687264,978169,6.7,6.6,0.438,10.4
68,183,21,2.56,92.81479759,98,0,4,24,99,6.31,98,0.2,1213.265328,277674,3.1,3.1,0.651,11.8
59.6,288,21,3.39338372151795,0,94,9,18.7,31,94,7.25023344003808,94,0.7,33.681223,119927,7.3,7.2,0.406,10.6
66.1,218,0,7.49,466.6693698,98,0,41.6,1,97,7.32,98,0.3,2716.35256,745693,5.6,5.4,0.618,10.5
78.3,78,0,2.03,1855.828806,97,141,28.5,0,98,2.71,98,0.1,23792.677,7977.82251423503,2.1,2,0.81,12.5
73.2,99,9,0.1,1307.89002,96,4648,61.6,10,96,3.49,96,0.1,16472.1665,7043.38430435551,7.2,7.3,0.773,12.7
73.7,94,8,0.09,1197.946328,98,334,63.9,9,98,3.49,98,0.1,19259.58726,6534.14129656201,7.3,7.4,0.792,13.3
50,284,58,0.1,13.35783844,41.1310723432382,21319,13.6,128,41,6.1,34,1.5,158.455972,11352973,12.8,12.9,0.253,2.8
81.7,57,0,7.4,10947.02327,53,30,58.1,0,98,11.8,98,0.1,57134.777,9519374,1.4,1.3,0.903,15.8
78.4,93,0,10.99,9703.068121,84.3902632734598,2,55.9,0,87,9.99,87,0.1,58487.451,5461438,1.2,0.9,0.904,16.7
68.9,182,32,2.66442235114302,0,56,1433,59.1,38,63,5.20046688007615,58,0.1,4974.2693,36115649,5.3,5.1,0.649,10.1
68.1,227,1,0.01,241.1958645,98,0,5.4,1,98,4.21,98,0.1,4385.379355,286917,2.2,2.3,0.72,14.7
53.6,29,57,0.55,60.21211141,83,33,18,101,78,6.34,77,1.9,487.942556,12798763,9.9,9.7,0.338,5.8
71,218,0,7.13,291.0170765,95,0,55.4,0,96,6,96,0.1,3352.731296,236755,2.8,2.8,0.716,13.7
79.1,62,0,12.01,239.6409938,93,1,56.8,0,97,6.89,97,0.1,3539.7488,181563,0.9,1,0.844,13.7
66.6,192,14,2.2,56.88416481,89,1156,16.4,16,88,5.95,89,0.5,785.6928841,143874,11,11.3,0.519,10.6
77,89,0,14.27,4264.579203,81.8757956876998,241,52.2,0,84,6.6,84,0.1,28223.55528,3866243,0.3,0.3,0.857,16.4
74.7,142,3,9.06,542.0235,97,48,54.5,3,98,6.22,99,0.1,5693.52416,382457,2.4,2.6,0.796,15.3
86,71,0,0.99969958205812,0,90.8757956876998,9,58.8,0,93,1.00046688007615,93,0.1,5314.64416,5683483,1.1,0.9,0.923,19.2
73.6,131,0,0.01,698.3522786,6,0,73.8,0,62,6.91,67,0.1,4219.65123,19757,0.2,0.1,0.7,12.9
71.1,173,0,9.75,77.9454329,97,0,39.4,0,98,5.89,97,0.1,5773.73577,1924.56131718376,4,4.1,0,14.6
58,348,47,0.01,0,20.3867189806015,9559,18.6,77,4,4.6894747243215,4,0.9,111.344496154545,4818.11586260299,7.8,7.6,0.428873698092966,3.49680706138879
71.7,165,4,9.82,431.3250367,99,117,53.4,4,97,5.43,97,0.1,3552.92452,21451748,3.4,3.9,0.733,12.9
75.6,137,0,14.97,1802.017593,94,0,57.6,0,94,6.25,94,0.1,14638.6482,1331475,1.9,2,0.833,16.2
54.5,486,51,8.48,805.490079,83,31,45,79,79,7.53,82,26.4,6125.39984,48883844.99,9.7,11.7,0.612,12.9
72.3,134,1,3.74,7.132564768,64,6847,48.1,1,66,8.53,78,0.1,127.367228,4245,2.8,3,0.694,12
49.8,396,549,9.66,10.35779424,27,704,19.9,879,46,3.66,4,5.3,119.743286,14261494,12.6,12.6,0.466,9
51,348,48,3.71,19.83929597,46.8207465534002,6074,12.2,92,45,5.6,45,4,226.4759814,1167942,11.4,11.1,0,3.4
96,96,0,0.01,11.41955507,96,0,58.4,0,96,5.58,96,0.1,722.75665,240.916721120981,2.7,2.6,0.721,12.7
78.8,88,0,10.7,10761.18209,85.2081886181197,14,56.3,0,88,1.18,88,0.1,64322.6664,5493621,1.1,0.9,0.906,16.8
64.7,22,0,5.46,47.08931143,75,0,24,0,97,7.84,97,1.2,843.89447,159328,6.9,6.8,0.521,10.2
78,225,0,0.01,88.62945822,89.1446758575996,0,54.3,0,94,4.85,94,0.1,4498.95727,1388115,2.4,2.5,0.781,15
74.2,162,0,11.46,1281.155944,91.4742475792793,1,61.1,1,99,7.55,99,0.1,12967.16543,12265,1.8,1.8,0.816,15.3
73.9,147,3,0.01,561.7684701,87,0,49.4,3,83,9.81,87,0.2,4712.822736,6552584,2,1.9,0.688,12.3
74.5,125,1,6.13,221.482875,91,3188,55.3,1,91,7.42,91,0.1,4429.6575,3727,2.7,2.8,0.759,13.5
53.2,417,9,2.45,0,19.6266639789813,3712,2.7,14,5,2.61,5,6.8,133.486849961451,1863.04518665955,9.1,8.8,0.492,9.4
68.3,196,0,4.79,219.0239836,76,0,4.8,0,91,3.98,91,0.3,3364.423711,247315,3.8,3.7,0.668,11.7
86,79,0,10,2698.01817,98,1,6.2,0,98,9.55,98,0.1,21618.73534,1457295,0.7,0.5,0.827,16.3
49.1,369,81,7.01,212.9229325,61,2807,19.8,127,63,4.37,6,2.5,3347.84485,22549547,9.3,9.2,0.48,8.5
59.5,271,2,0.08,29.41897495,82.9739580849549,0,18,2,98,3.39,89,0.1,433.2691451,569479,7.7,7.7,0,8.8
78.5,85,0,5.67,6191.211908,56.7490788819375,0,53.3,0,91,8.27,9,0.1,38146.71539,449967,0.8,0.7,0.911,17.1
69.9,185,0,6.41,1902.693048,9,0,4.2,0,91,4.4,9,0.3,21188.11857,1315372,6.1,6.4,0.767,12.4
73.8,159,9,6.71,0,82,0,61,10,82,4.94,82,0.1,76.226206373019,4.99987780784329,1.6,1.5,0.77,14.2
52.7,374,505,8.54,204.7186256,42,6447,23.5,788,42,3.3,42,4.4,2755.297787,167297284,1.7,1.6,0.507,9.7
64,37,11,0.84,12.05551997,63,1222,41.1,15,61,6.42,72,1.5,77.5773486,631479,1.4,1.4,0.446,7.9
74,143,44,1.54,421.2956602,71,16244,53.5,54,85,4.95,85,0.1,4316.553895,6324121,5.3,5.2,0.641,10.7
75.2,123,1,6.48,421.4804282,94,0,55.7,1,94,7.46,94,0.1,6281.37747,332713,1.8,1.7,0.742,14.2
73.1,119,4,0.61,535.2786404,97,2,6.1,4,98,8.78,97,0.1,3385.69665,6489822,3.8,3.8,0.739,13.6
58,363,30,2.47,184.3649102,83,15754,2.7,45,8,4.41,83,6.8,1463.213573,138533,6.7,6.5,0.533,11.8
69.4,24,15,2.45,249.3262948,79.5695167200596,0,42.4,19,84,6.88,84,0.4,1753.349471,125478,1.4,1.4,0.56,9
61.4,311,6,0.63,1.575160196,92,82,15.5,9,92,3.3,92,1,43.7544499,431334,9,8.9,0.402,5.2
61.2,278,60,1.8,109.7051836,96,2395,19.5,86,97,5.23,96,3.4,987.4453967,42486839,8.1,7.9,0.53,11.1
73.3,15,1,3.73,104.5169157,96,16,46.9,1,98,6.3,98,0.1,1453.642777,3511,2,2.1,0.67,10.7
63,189,377,0.01,1.766663097,65.3684051397019,3849,16.9,483,68,2.61,65,0.1,51.6568157,14161437,22,22.4,0.45,5.4
58,383,29,0,0,58,0,27.4724157051007,46,58,0,58,3.5,177.181786472201,751642,0,0,0,0
67.8,183,11,0.01,8.758214538,83,0,18.2,13,66,5.93,83,0.2,128.419568,1522692,11,11.1,0.546,10.8
98,98,0,0.01,0,98,0,82.8,0,98,3.58,98,0.1,45.3297085243384,0,0.1,0.1,1.23803915553039,1.43143858319718
81,84,2,7.2,2442.222054,9,0,62.5,2,9,7.53,91,0.1,15941.39722,17462982,0.8,0.8,0.831,15.6
78,97,2,6.32,78.78564878,88.7732405023336,0,56.8,2,94,6.93,93,0.1,621.828325,15973778,0.9,1,0.781,14.3
68.9,228,1,9.07,0,97,0,49.5,1,96,11.41,9,0.1,74.967200869402,0.499987780784329,2.9,3.1,7.05377490049661,8.31526481288576
67.3,282,16,12.19,11.02617159,98,173,56.1,19,98,5.38,98,0.3,911.25385,1428588,2.4,2.6,0.761,13.8
68.1,217,56,5.02,212.7418488,88,1536,23.7,71,88,4.46,88,0.1,2581.818554,96866642,1,9.7,0.666,11.6
66.5,213,30,0.07,0,63,0,51.3,37,73,4.36,75,0.1,91.0938749712658,25627626,5.5,5.2,0.616,9.4
81,67,0,10.49,703.5527332,95,51,61.3,0,96,8.1,96,0.1,5234.76736,4598294,0.3,0.2,0.902,18.6
71.4,22,0,11,561.9168642,94,103,57.5,0,97,6.4,95,0.1,4146.987928,344367,3.3,3.3,0.77,15.3
58.1,345,7,0.61,5.593619538,78.5088491841911,204,12.8,10,89,3.95,86,2,215.139213,3497124,1,1,0,4.3
78,16,1,4.15,1185.412346,88,0,51.4,1,89,7.82,89,0.1,5245.187372,438794,2,1.9,0.727,12.6
78,82,0,13.24,675.2134725,83.5723379287998,584,53.6,0,86,7.5,86,0.1,4117.15532,3996521,0.3,0.2,0.87,16.8
68.5,199,0,4.99,262.8299189,97,0,42,0,93,4.38,89,0.1,3556.561825,26226,3.7,3.6,0.678,11.9
79,98,1,3.41,2429.854745,84,0,56.5,1,82,9.73,85,0.1,9186.59639,46474,1.8,1.7,0.752,13.4
52.8,4,58,5.03,73.03276195,79,605,23.3,93,79,4.75,8,7.4,952.1872484,1742795,6.9,7,0.456,8.3
58.4,382,2,0.01,574.3895102,98,0,31.8,3,98,9.25,98,7.3,3464.35169,129597,4.3,4.3,0.541,11.4
71.1,146,3,0.01,29.13434871,91,3890,54,3,93,4.57,93,0.1,375.442638,1422.85057687431,5.6,5.4,0.736,15.8
76.1,97,0,4.75,645.021302,9,22,52.6,0,9,9.64,9,0.1,4697.89732,3746561,2.7,2.7,0.716,13.3
71.5,177,0,4.38,70.15536981,92,0,25.8,0,93,3.87,92,0.1,3792.182152,1196287,8,8,0.673,12.2
76.4,119,1,6.76,24.73142261,94,0,6.1,1,94,8.17,94,0.1,962.312164,335824,1.6,1.5,0.77,15.7
75.3,81,0,2.05,1553.468944,98,4,56.1,0,98,3.16,98,0.1,17959.17854,5987.67249155253,6.1,5.9,0.806,14
78,98,1,4.13,787.2808163,96,0,57.7,1,99,1.19,96,0.1,5676.14143,1892.36348916511,3.4,3.2,0.784,17.6
74.7,119,21,0.45,430.7175861,95,103,53.9,24,95,5.12,95,0.1,4463.394675,36117637,5.9,5.8,0.714,13.6
82.1,6,0,10.15,14714.82588,91.4105017960236,958,55,0,96,11,95,0.1,69672.471,7743831,0.5,0.4,0.916,15.3
80,78,0,9.08,372.6854142,95,2,63.1,0,99,9.76,99,0.1,2971.973,111717,0.8,0.7,0.857,16.2
57.3,295,84,0.03,17.17151751,64,1990,14.7,116,58,7.43,58,0.1,272.56377,2589345,19.2,19.3,0.405,8.1
72.2,151,0,1.8,423.2953509,9,0,68.6,0,91,4.87,9,0.1,2284.37858,146,0.1,0.1,0.693,14.6
64.6,217,0,0.49,70.75572222,79,0,69.7,0,96,9.1,77,0.1,826.58554,87343,0.2,0.2,0,11.7
72.6,145,0,1.1,569.6255035,84,0,71.5,0,88,5.13,86,0.1,3392.64743,135,0.1,0.1,0.698,14.5
68,225,1,12.27,0,99,4,47.9,1,98,8.49,98,0.1,102.163117253798,2.50003665764701,3.2,3.4,7.19691465738958,8.31047952574227
60,339,73,0.01,92.88697859,78,2027,17.2,109,82,7.58,78,4.6,647.74741,3636796,5.8,5.8,0.477,10
78.6,97,1,4.1,1002.833273,9,1,5.3,1,91,7.74,91,0.1,4697.11135,4247841,2,2,0.723,12.4
70,229,14,10.58,1529.497771,97,2339,59.3,16,98,7.9,97,0.2,15543.67653,14356911,2.3,2.3,0.799,14.6
84,82,0,9.24,5889.012536,94.4481336164996,0,61,0,99,9.3,99,0.1,47415.55987,5413971,0.9,0.8,0.884,17
85,66,0,6.5,599.0392403,94.0550491342997,13,55.3,0,98,9.6,98,0.1,4385.35315,929572,1.3,1.3,0.89,16
65.7,24,0,0.01,147.4549755,94,0,76.2,0,92,1.37,94,0.1,1763.815497,16613,0.1,0.1,0.581,11.9
72.2,151,14,4.27,356.9393805,92,0,48.1,18,81,4.56,86,0.4,2448.143899,27273194,1.3,1.3,0.685,12.8
64.8,313,20,10.87,266.5416917,81,580,54.5,24,97,5.99,97,0.3,2375.5944,1453646,2.7,2.9,0.727,12.8
68.3,179,11,0.01,12.17952064,88,0,18.9,12,87,5.68,88,0.2,198.687123,152779,1.9,11,0.553,10.9
79.2,79,0,9.15,442.3774869,88,33,61.5,0,87,7.89,89,0.1,2542.39935,858.459162296071,0.3,0.3,0.884,18.4
68.8,222,1,1.36869653604103,0,99,20359,52.7,1,99,2.24976655996192,99,0.1,3944.1839,2976877,2.2,2.3,0.733,14.8
75.3,131,7,3.99,344.7412164,88,257,51.4,8,85,5.92,88,0.1,5223.351763,15177355,1.3,1.2,0.71,13.2
72.9,15,10,0.05,688.0972667,97,311,57.7,11,95,4.28,95,0.1,8655.311531,2992.41420911237,7.3,7.3,0.745,12.1
64.6,294,8,6.94,351.8603267,94,16118,46.3,9,99,4.7,98,0.1,3771.278957,1514729,2.4,2.5,0.737,13.9
64.9,23,9,0.01,0,87,71,2.1,12,86,2,87,0.3,34.7877819930058,41.5007209337246,9,9.1,0.563,10.4
64.7,255,5,3.87684781914074,0,95,198,18.6,7,95,8.30046688007615,95,0.4,110.704030550848,102.502333870193,8.4,8.2,0.418,5
74.9,113,0,3.85,143.2947487,86.4394369675435,0,48.2,0,92,7.16,91,0.1,1524.41222,3771284,3.2,3.2,0,11.6
59.4,287,14,0.01,48.73047089,84,564,23.1,20,84,5.12,84,1.5,579.43485,742948,6.8,6.6,0.47,12
76.9,77,1,1.91,3862.68271,99,344,62.4,1,99,3.64,99,0.1,44449.7435,14931.4515001742,5.2,5,0.832,13.3
52.5,32,5,2.55,0.868708478,53.8235917780519,126,17.9,9,56,5.4,53,3.6,39.486749,1267512,1,1,0,6.7
73.9,157,2,3.58,366.4841804,98,0,52.4,3,99,8.43,98,0.1,1847.19849,5945747,1.8,1.7,0.63,11.5
71.5,179,0,4.14,369.6317105,88,0,26.4,0,88,4.24,88,0.1,3957.51296,124621,7.9,7.9,0.683,12.5
58.6,284,71,1.76,30.86000992,60.9682436197399,2875,22.1984867466533,109,62,3.23,62,0.1,361.35843,2725535,1.88779413541002,1.88974107859463,0.394,5.5
73.5,161,1,3.59,16.97511622,99,0,46.3,1,99,4.7,99,1.9,482.24762,2744673,1.9,1.7,0.706,12.4
36.3,682,23,5.76,36.2929176,56.9873045606692,0,44.2,58,66,8.9,66,1.9,662.2795182,9999617,4,4,0.47,8.6
81.1,65,0,1.6,3082.973535,96,15,3.9,0,97,3.46,97,0.1,39223.58187,13079.4100926265,2.1,2,0.873,14.1
74,133,11,4.29,516.4037021,93,0,5.2,15,93,4.6,93,0.3,3611.2147,28292724,1.2,1.2,0.696,13.2
66.6,258,8,7.6,708.3285785,99,20,47.9,9,99,3.65,99,0.1,8513.564645,15674,2.4,2.5,0.758,14.6
66,196,20,0.26,11.8385319,92,17,23.2,28,89,4.51,92,0.3,148.912351,141232,9.9,9.7,0.474,8.7
78.8,83,4,12.22,0,87.9943575825196,189,6.1,4,92,7.98,92,0.1,55.3481890251572,96.5022605548991,0.7,0.5,7.00792613045419,7.28336448064897
44.6,611,43,2.61,46.83027463,73.0654134262729,16997,17.1,70,86,6.56,85,18.6,378.2736238,1824125,7.4,7.4,0.424,9.8
75.6,127,35,5.21,1033.039737,93,0,6.1,40,95,6.39,95,0.1,8959.581416,117318941,1.6,1.6,0.739,12.5
74.7,14,7,3.63,19.60467787,94,0,48.6,9,95,5.94,96,0.2,359.71886,1425453,1.4,1.3,0.696,12.9
55.3,46,62,1.16,5.813338496,78,8,21.8,87,78,5.9,78,5.1,65.985681,26434372,3.6,3.5,0.405,9.1
57,352,46,0.01,0,40.2829862136007,3571,18.2,75,33,4.75032245694024,33,0.8,121.780581401305,1823.04271837799,7.9,7.7,0.381809237633082,3.54274654836361
66,163,365,0.04,60.18648815,72,8749,23.9,450,72,2.7,72,0.1,1272.44161,181712595,19.6,2,0.538,7.7
77.6,119,0,1.31236421804672,0,91,4,59.9,0,93,1.9,93,0.1,1774.9291,131547,1.9,1.9,0.863,16.5
57.2,38,43,1.6,20.65432873,78.6535010258792,23068,19.5,65,88,3,88,3.6,263.1124679,18938762,9.2,9.2,0.48,7.7
79.8,86,2,7.26,211.614293,94,6,61.2,2,93,7,94,0.1,1475.69242,17153357,0.8,0.8,0.82,15.4
78.6,87,0,8.91,2143.021083,9,65,58.9,0,82,7.47,9,0.1,13641.1272,4568.66888434396,0.3,0.3,0.864,17.2
76.7,115,1,4.04,322.5863149,98,0,5.4,1,99,6.27,98,0.1,2832.188893,944.387818186873,3.6,3.4,0.686,12.3
71.7,166,4,6.64,155.4233076,86,0,41.3,4,86,5.99,86,0.1,1174.779347,56795,2.4,2.3,0.642,12.7
81.9,7,3,7.83,578.7254273,92.4177878406096,8286,23.4,5,97,8,97,0.1,3488.3992,127718,1.7,1.4,0.863,14.8
67.8,183,24,1.59,34.41887163,99,75,37,29,99,5.11,99,0.3,465.1198869,2586435,3.2,3.2,0.613,11.6
81.3,59,0,7.53,12042.97366,92.2357131852696,0,57.8,0,97,8.75,97,0.1,68348.31817,311566,0.9,0.9,0.887,18.2
54.3,32,47,4.73,64.24025208,76,125,14.6,86,94,6.58,86,2,422.6332374,13829177,1,9.6,0.325,4.7
77.8,118,1,1.26816403386895,0,73,0,57.8,1,72,1.85023344003807,73,0.1,13134.4367,3969249,1.9,1.8,0.785,13
56.2,344,14,1.33,69.35924758,24,187,2.4,22,8,5.73,81,4.8,513.391914,6161796,7.7,7.6,0.441,10.1
79.6,84,3,11.76,6407.535954,87,2307,58,3,94,1.34,96,0.1,36447.87232,82376451,1.1,1.1,0.892,16.5
69,371,43,7.34,978.5905287,7,25,49.5,54,73,8.78,73,4.5,6876.953821,53311955.61,5.4,6.5,0.652,12.8
69.5,22,0,4.72,685.0299083,84,0,52.6,0,84,5.92,84,0.8,5761.39536,5975,3.5,3.4,0.684,11.7
67.6,226,1,8.15,0,99,87,47.6,1,98,8.24,98,0.1,102.479437822227,44.0010508525477,3.3,3.5,5.66498304534566,6.8844981484553
65.6,27,47,0.33,21.23698847,4,2046,2.5,61,9,1.87,84,0.5,1186.423937,555331,13,13.3,0.526,9.1
72.2,149,0,3.85,47.73638191,46,0,7.9,0,49,5.25,53,0.1,322.543121,182286,0.2,0.2,0.682,12.9
62,289,1,0.49,171.7686449,88,143,31.3,2,89,8.5,89,3.3,1214.77118,822934,5.7,5.6,0.427,5
71.9,186,10,0.880965337280912,0,74,0,5.6,12,9,1.2,74,0.4,3923.573344,16252429,1.2,1.2,0.637,10.7
69.3,167,32,0.17,192.1562998,66,5494,54.5,38,71,3.93,69,0.1,4521.3247,29111417,5.4,5.1,0.638,10.3
62,248,63,1.99,17.0536929,72,68,25.3795247463488,94,81,8.4,81,0.3,1226.884381,3365619,4.64030910144471,4.64576273919455,0.456,6.8
67.2,229,4,2.77,0,94,40,39,4,94,6.87,94,0.1,102.163461186406,22.0004398917641,3.3,3.4,0.618,12.6
75.3,12,0,13.47,0,86,4,59.9,0,97,6.8,98,0.1,34.786836178333,2.00004887686268,2.2,2.3,7.05060570654086,7.73681293984918
55.3,37,24,7.01,39.44666715,95,129,15.4,38,95,6.83,95,7.1,287.931877,8991735,6.8,7,0.388,8.8
79.4,85,0,12.4,5992.588029,86,9,52.7,0,86,1.53,86,0.1,38242.4252,8227829,1.7,1.9,0.848,14.9
74.2,151,8,3.54,18.09317114,92,0,47.2,9,89,5.87,92,0.3,321.942547,13735233,1.4,1.3,0.688,12.8
47.8,647,2,5.37,250.8916484,86,2672,29.9,4,97,4.64,97,38.8,3349.68823,172834,12.3,12.2,0.559,11.7
79,169,0,4.17,24.99717134,83,0,68.2,0,82,4.71,83,0.1,197.29417,177662,0.2,0.2,0.659,12.3
55,359,27,0,0,55,0,26.0514286858714,41,55,0,55,4,1562.239346,167192,0,0,0,0
71.7,142,2,2.72,60.55818291,51,199,47,2,89,8.72,84,0.1,779.3845935,4357,2.9,3,0.677,11.8
69.7,24,14,2.38,352.0244894,89,0,44.5,17,9,7.7,89,0.4,2256.56724,133978,1.4,1.4,0.57,9.8
55.9,33,3,2.18,0,91,336,18,6,84,3.61,8,2,12.9684554403894,171.004032341171,1.2,1.2,0.377,6.5
73.9,117,0,8.01,1311.440423,92,0,46.9,0,91,5.38,92,0.1,14223.86576,4741.24603428302,4,4,0.761,14.6
85,76,0,8.02,3192.887363,95,40,64.3,0,99,9.77,99,0.1,25916.29353,1114899,0.8,0.7,0.86,16.7
72.7,161,0,7.07,0,97,0,52.2,0,97,5.21,97,0.1,81.6023662890381,0,3.5,3.4,0.717,13.3
74.4,149,0,7.28,22.86295206,97,0,4.8,0,97,4.21,97,0.1,1352.8374,450.941752826255,3.5,3.4,0,0
77.7,11,0,13.33,2813.985285,94,7,54.1,1,93,9.98,93,0.1,18784.9485,15333,0.7,0.6,0.79,15.4
82.1,63,1,9.62,4873.8188,97,3802,64.1,2,97,9.48,97,0.1,31834.21816,46742697,0.6,0.5,0.867,16.9
52.1,28,56,0.1,20.26876572,45.3437017812922,54190,14.6,121,44,6.23,41,1.6,215.8548,1265687,12.3,12.2,0.266,3
61.7,317,3,6.28,59.55033546,76.5363497354294,0,3.2,4,83,7.15,83,11.7,429.6561,216375,11.5,11.4,0.589,11.3
75.2,138,0,2.27982491546439,0,99,0,47.5,0,99,4.3,99,0.1,74.9594623857163,0,4.3,4.3,0.735,13.1
55.3,316,12,4.19,22.39648813,40.4668806638096,8,22,16,66,8.4,6,3.1,168.648254,326123,8.3,8.3,0.372,10.1
74.9,97,1,1.29,14.55610463,81,1761,64.9,1,75,6.63,81,0.1,846.285153,527612,4.8,4.8,0.766,13.3
66.6,225,4,2.13,0,44,16,35.6,5,99,4.68,99,0.1,102.479351839075,10.5001344113724,3.6,3.6,0.586,11.4
76,145,32,0.19,21.82252494,72,492,55.8,39,74,3.82,74,0.1,452.74948,376271,5.3,5.1,0.646,10.4
73.3,136,0,0.01,33.66981355,73.3,0,52.7,0,73.3,8.23,73.3,0.1,199.583957,67389,2.5,2.6,0,0
82.7,57,0,1.83,714.3441019,97,138,32.7,0,97,4.53,97,0.1,5629.18914,1922.38087020675,2.2,2.2,0.92,15.4
61.1,28,17,6.18,6.995556386,40.6014012362599,0,39.6,23,61,5.7,6,3.3,55.47626,949457,4.3,4.3,0.455,8.3
74.2,85,1,0.02,2785.097712,99,32,69,1,99,2.62,99,0.1,48268.5912,16100.3863006704,3.3,3.2,0.792,13.4
75.6,19,21,3.02102092022336,0,95,63,59.5,24,95,5.90046688007615,95,0.1,4132.76292,39871528,6,5.8,0.743,14.4
70,215,3,2.9,398.6058322,9,0,48.6,3,9,7.3,9,0.3,2632.79942,6775,1.9,1.8,0.636,12.4
74.8,145,0,8.93,216.3146941,99,0,42,0,99,4.34,99,0.1,12724.39377,4241.42652346489,3.4,3.4,0.773,14.7
77,177,1,9.45,0,96,0,5.9,1,96,1.61,93,0.1,85.3985570427993,0.499987780784329,2.8,3,3.89342643624313,4.57949614267749
57.6,31,42,1.6,3.336437969,8,12289,2.7,63,8,3.7,78,3.5,39.484473,19924522,8.8,8.8,0.484,7.6
75.2,12,0,4.14,39.86518043,83.4191984449797,18,49.4,0,87,7.94,87,0.1,2214.732246,3779247,3,3,0,12.1
75.6,137,0,0.01,160.9449342,91.8990884417394,0,64.2,0,99,7.4,99,0.1,14117.97668,9866468,1.7,1.6,0.834,15.8
65.8,245,1,0.29,169.2023968,95,2,17.4,1,96,5.27,95,0.3,1335.45696,672228,17.5,18.3,0,9.6
51.9,387,24,5.84,6.545263634,70.5901732562714,224,13.5,38,75,5.25,82,5.1,112.849373,6953113,8.5,8.5,0.276,4.7
65.7,23,12,0.01,7.549797238,98,10,2.8,16,98,7.53,98,0.4,76.5699517,11345357,5.8,5.8,0.488,10.8
68.5,211,52,0.818099242037607,0,6,619,25.4,66,79,5.32969071668749,6,0.1,2878.33837,11716359,1,9.7,0.679,11.7
73.4,132,20,0.36,270.2401962,8,944,49.8,23,95,3.36,95,0.1,3464.6179,33777915,6.1,6,0.686,12.3
76.2,125,1,5.72,631.1251711,88,0,51.1,2,98,7,88,0.1,5348.518399,339195,2.1,2,0.744,12.9
75.9,17,0,0.01,726.0291764,87,0,61.3,0,91,6.42,91,0.1,7378.345289,62181,1.8,1.9,0.803,15.1
83,81,0,11.96,331.457035,98,23,59.5,0,98,9.74,98,0.1,2577.4264,1514844,0.7,0.5,0.824,16.3
73.6,154,6,5.92,1088.244952,89,0,57.9,7,9,4.38,91,0.3,6268.692122,145844,3.3,3.2,0.712,13.2
82.4,78,2,0.809933791416524,0,86,157,62.5,3,98,0.650233440038075,98,0.1,36526.7711,6662468,0.7,0.6,0.894,16.3
75.5,121,10,8.15,187.610955,94,17,59.8,11,95,6.55,94,0.1,1276.265,41223889,1,0.9,0.802,16.8
68.1,165,12,3.13,0,27,0,26.7,15,99,4.75463446092036,68,0.1,73.6968455897126,7.49981671176494,5.8,5.8,1.70394684806552,4.35658430222768
83,53,0,0.01,207.3041936,96,10,59.8,0,99,7.37,99,0.1,2734.88382,115239,0.9,1,0.85,14
52,374,521,8.9,133.1230872,49,8491,22.2,817,54,3.47,54,4.8,2327.3267,158578261,11.3,11.2,0.492,9.5
58.3,365,26,3.04135267151681,0,88,0,19.6,38,88,6.30046688007615,88,4.8,362.6575444,1757367,6.4,6.2,0.473,10.8
66.8,216,11,3.47,0,84,0,47.3,14,85,4.96,84,0.2,94.8889479440502,6.99982893098061,1.3,1.2,0.626,14.1
59.5,272,1,0.08,19.71741043,22.9315323422514,0,17.6,2,7,2.86,7,0.1,395.9319363,555888,7.8,7.8,0,8.5
65.4,29,49,0.3,17.48293752,92,190,19.8,65,9,1.92,9,0.5,987.7365832,5155896,13.1,13.3,0.515,8.8
58.8,343,7,0.56,6.913998013,91,376,13.3,10,95,3.5,93,1.9,232.7945459,3738265,9.7,9.7,0,4.7
85,67,0,6.6,14829.41215,90.5723379287998,0,57.5,0,93,8.58,93,0.1,85128.65759,479153,0.7,0.7,0.934,17.6
77,175,4,10.16,152.6368899,98,35,51.4,5,99,4.33,99,0.1,1668.162731,22442971,4,4.3,0.703,11.5
72.8,148,16,4.26,42.17956418,89,0,49.8,19,89,5.37,89,0.1,274.249442,42724163,2.4,2.2,0.658,11.3
63.7,273,7,0.01,0,62,260,25.6,10,61,3.98,85,3.3,113.235454929804,135.003054803918,7.9,7.5,0.557,10.2
79.4,79,2,8.83,0,99,28,27.7,2,98,5.76,98,0.1,55.9803142631036,15.0003176996074,1.5,1,5.07040085573313,5.43907747137972
51.9,383,28,0,0,51.9,0,24.5830754326677,44,51.9,0,51.9,3.9,177.181786472201,818877,0,0,0,0
73,19,0,5.26,99.08095375,86,0,54.8,0,96,5.81,96,0.5,833.31332,52613,3.5,3.4,0.7,12.3
65,37,22,10.18,224.4600248,86.9179163599331,4800,54,26,97,5.42,96,0.2,1771.58662,146596557,2.9,3,0.709,12.1
79.5,75,0,13.59,9797.552661,88.2067780137497,64,56.6,0,92,7.57,92,0.1,61388.17457,4398942,0.3,0.2,0.902,17.6
74.2,144,12,4.37,184.3073618,85,6,55,14,85,6.64,85,0.1,7227.73968,4646646,2.2,2,0.7,13
71.2,141,0,0.85,457.9731742,63,0,49.9,0,65,3.85,65,0.1,3275.91684,241871,1.5,1.4,0.591,10.8
79.3,6,0,10.8,230.2524184,96,0,57.3,0,99,7.4,99,0.1,3215.8159,19876,0.9,1,0.849,14.1
64,214,1600,1.2,27.33800857,6,55443,13,2100,58,4.22,63,0.3,621.3183767,1126135777,27.2,28.2,0.518,9.2
67.6,228,1,10.98,0,94,457,46.8,1,98,7,97,0.1,102.795844373809,229.005571962346,3.5,3.6,6.24275998142812,7.35904147942186
76.1,124,34,5.3,1117.196097,98,3,6.8,39,97,6.4,97,0.1,9834.472689,119917,1.6,1.6,0.745,12.6
72.5,162,0,7,0,99,0,49.3,0,99,4.71,99,0.1,82.5511560280222,0,3.5,3.5,0.711,13.3
61.4,288,2,8.01,40.53719812,52,90,31.4,3,44,2.88,45,10.7,727.777345,1444844,7.1,6.9,0.646,12.4
52.9,279,56,0.11,20.86118432,46.6544455847782,63057,15,118,45,6.61,43,1.6,232.5661574,1312712,12.1,12,0.27,3.1
74.9,148,8,3.75485022761938,0,99,154,33.6,9,99,7.7,99,0.1,5814.863134,686576,7.7,7.7,0.738,13.6
62.8,26,16,7.92,63.78723633,97,121,18.3,23,93,7.91,97,2.3,563.491487,1246842,6.5,6.3,0.454,10
58.5,39,186,1.06,30.46451811,47,1446,14.5,286,61,4.69,5,2.8,243.326822,8149,11.3,11,0.362,7.1
72.9,133,2,0.01,0,98,320,61.8,2,98,4.3,98,0.1,73.0616249582919,161.003885710583,5.6,5.4,0.706,13.7
61.8,279,85,6.7,0,98,30,23.8,119,96,6.60046688007615,98,1.4,119.244427948986,74.4989124898053,6.7,6.5,1.4,6.5
79.4,84,2,9.86,2044.169761,83,0,58.2,2,95,7.24,96,0.1,15323.6114,485412,0.6,0.5,0.825,15.7
69.5,186,0,6.76,569.9527122,96,0,47,0,96,5.85,96,0.2,4344.15177,32168,3.5,3.4,0.7,12.4
58.1,287,80,0.03,25.87392536,64,1599,15.7,110,64,8.33,64,0.1,373.3611163,2729431,18.8,18.9,0.433,8.7
57.9,339,64,1.71,60.5153506,88,1282,17.9,95,88,3.9,88,6.4,916.8992515,39148416,8.3,8.2,0.506,10.4
72.7,171,1,3.89,160.2382416,91.0190609409293,0,42.5,1,99,5.34,99,2.2,3394.878,267711,2,1.8,0.68,10.9
68.6,178,59,0.15,0,98,164,52.3,72,98,5.41,98,0.1,87.2960505376154,118.001124167842,3.3,3.3,0.621,11.3
78.5,61,0,6.29053620885698,0,99,0,27.4,0,99,13.6,99,0.1,8395.785198,49163,13.6,13.6,0.701,12.7
58.3,34,41,1.46,53.23775977,8,60,21.8,62,81,3.96,8,3.2,423.1936389,2986536,8.4,8.3,0.491,7.7
80,56,0,10.55,2159.756205,96,1,58.7,0,99,7.44,99,0.1,28951.15556,113562,0.9,1,0.85,13.8
75.1,95,1,1.77,2972.448675,92,22,57,1,94,2.46,94,0.1,36161.1761,12061.2840583539,5.2,4.9,0.813,12.4
63.4,231,7,2.88,179.6156482,97,1,39.4,8,66,3.85,83,0.1,1283.885977,4655741,3.5,3.4,0,10.3
54.9,355,15,1.01,3.989928468,66.1143300817096,61,18.4,22,71,5.6,71,5.1,349.9937253,5534598,8.6,8.5,0.432,10
78.5,83,0,8.75,2205.98595,9,65,59.6,0,82,7.58,9,0.1,13882.85683,4649.2447045144,0.3,0.3,0.868,17.4
59.5,272,69,0.01,78.1842153,67,2787,17.6,93,67,8.52,67,0.1,669.959,3696958,17.9,18,0.463,9.8
69.9,155,0,3.49,122.5744699,27.4805775170117,2,21.5,0,9,4.81,9,0.8,1239.377855,43579,9.6,9.5,0,11.3
55.5,41,88,9.65,6.002527685,73,3776,15.2,137,7,9.76,73,8.4,41.858631,359487,6.3,6.3,0.442,10.3
55.3,35,23,4.33,15.99415192,92,173,15.2,35,89,7.86,92,2.9,196.2472628,8212264,7.9,7.9,0.319,7.9
82,94,3,13.18,5291.234786,35,4448,57,4,99,1.53,98,0.1,33874.74255,6274897,0.6,0.6,0.857,15.5
89,76,0,12.6,7163.348923,98,70,63.4,1,99,1.59,99,0.1,47439.39684,112957,1,1,0.89,16.3
63,275,41,1.78,161.0106435,93,82,24.2,61,92,4.85,93,2.2,1224.41554,2329864,7.5,7.4,0.53,9.8
72,142,1,2.9,32.75626853,55,15,47.1,1,96,6.25,93,0.1,622.7427477,369588,2.1,2.2,0.639,11.2
76.9,115,28,8.25,0,89,116,6.9,33,89,13.73,94,0.1,66.1029163854531,74.5010141949007,0.8,0.6,7.54537863330987,8.25342013671869
72.9,189,0,11.64,0,21,0,55.2,0,98,5.15,99,0.2,91.0918113756163,0,2.7,2.6,0.779,12.1
65,263,62,0.01,71.27962362,65,1154,19.1,83,6,8.16,65,0.1,584.25921,33736494,17.2,17.3,0.479,10.1
67.8,231,1,0.01,253.8285861,99,0,49.2,2,99,4.22,99,0.1,4368.82248,2814226,2.2,2.3,0.712,14.7
48.1,424,27,3.84,5.347717533,86,1089,21.7,40,84,1.32,86,1.6,45.128418,645872,8.3,8.2,0.384,8.7
79.9,84,2,6.76,2260.777642,9,0,61.8,2,9,7.24,9,0.1,15431.9293,1739746,0.8,0.8,0.826,15.5
63.9,224,64,0.28,2.793843188,62,314,16.4,87,86,1.83,73,0.5,247.24276,48482614,13.2,13.6,0.465,7.9
47.4,48,574,9.58,15.830985,36.1165002540663,168107,17.3,936,36,3.25,27,5.1,351.7996666,125463434,14.1,14.1,0,8
49.3,543,5,3.1,29.86616464,72.4483666392351,660,24.9,7,82,6.92,83,29.8,474.8197876,1868699,11.5,11.6,0.445,9.6
49.8,443,16,1.66,58.52947463,47,679,2.7,24,47,3.73,47,5.8,494.336779,4476153,8.8,8.8,0.361,6.8
76.4,13,0,1.87426072575271,0,99,0,47.7,0,86,3.3,99,0.2,13566.9541,4522.27744617894,3.3,3.3,0.784,13.9
76.4,11,1,0.4,166.1913728,99,0,53.5,1,99,3.55,99,0.1,2458.45226,819.810058597728,7.1,6.9,0.796,13.7
68.7,26,0,1.95,81.04656111,99,0,57.3,0,99,3.68,99,0.1,4177.657789,84334,4,3.7,0.7,14.3
75.6,136,1,3.79,5.457289334,93,0,52.7,1,86,5.91,93,0.6,56.144952,285187,1.8,1.7,0.727,12.8
78,14,1,4.17,523.4724284,89,0,54.6,1,99,7.67,89,0.1,4669.6916,1556.88322341264,3.4,3.2,0.732,14.7
64.3,22,38,0.2,2.79096532,2,13344,12.9,50,76,5.48,78,0.1,253.72412,2495623,18,18.6,0.457,9.2
75,117,0,6.45,489.6818699,87,0,58.5,0,91,6.7,92,0.1,6698.79439,618294,2,2.1,0.785,14.6
68.4,21,0,5.67,312.7995946,96,0,42.6,0,95,4.53,96,1.5,3679.99523,26913,3.6,3.6,0.684,12.2
81,73,0,6.37,11792.53465,87.9654224109997,0,56.5,0,91,8.89,91,0.1,66775.3944,4623291,0.8,0.7,0.929,17.6
78.7,15,25,8.55,0,92,63,66.9,30,93,17.2,95,0.1,34.7870941277892,46.5004032341171,0.7,0.6,8.81711552176295,9.70932348995868
56.9,436,2,6.21,512.5887995,93,1,33.7,3,96,4.71,96,13.4,5714.47937,1914414,9.2,9,0.63,12.1
78.2,87,4,11.44,0,87.1157406860796,314,58.8,4,91,7.57,91,0.1,56.2972367135975,159.003787956858,0.7,0.5,6.59600270719043,6.86625751889941
74,14,30,0.15,0,65,0,5.6,37,76,3.34479004842424,77,0.1,28.7785510243676,24939299,5.5,5.3,0.614,9.1
58.9,294,14,0.01,41.60027954,84,238,22.6,21,84,5.11,84,1.7,563.6894247,6859482,7,6.8,0.464,12
74.9,129,9,5.14,885.9858185,95,0,53.6,11,94,5.18,95,0.1,6387.785281,3158966,1.1,1.1,0.725,13.4
57.4,39,42,1.49,25.55981288,73.0955261794274,13476,2.1,64,81,3.56,79,3.5,273.6596668,1942165,9,9,0.485,8
71.6,135,35,1.42,459.1113061,68,5844,55.9,43,69,5.34,68,0.1,4718.51291,668583,5.1,5,0.668,11.9
72.5,168,11,8.01,0,5,22,53.4,13,86,4.91,77,0.1,77.491918562497,17.500109972941,1.8,1.7,0.67,10.6
72,153,0,3.52,40.22855669,35,0,7.3,0,37,4.68,39,0.1,287.963899,18194,0.2,0.2,0.677,12.7
72.3,161,3,5.61,26.18072382,92,0,43.5,4,98,6.43,98,0.2,189.71539,5882796,2.2,2.2,0.648,12.1
77,79,0,1.11,3688.694288,99,112,65.6,0,98,2.63,99,0.1,61478.23813,20529.896537119,5,4.6,0.828,11.8
69.7,161,10,1.91415964193732,0,96,3,4.7,11,96,3.64976655996193,96,0.2,918.6771543,8548651,3.6,3.7,0.625,11.3
51.7,348,67,8.33,23.965612,64,11699,22.7,101,68,3.31,64,2,479.31224,2692466,8.5,8.3,0.527,11.4
64.3,193,12,0.6,10.68147485,39,927,32.1,15,84,4.48,85,0.3,189.3878519,6447688,4,4,0.543,9.8
54.7,327,32,0.21,1.099665984,57.6951316367299,99,18.5,51,59,2.82,59,2.7,33.424498,9679745,9.3,9.3,0.346,6.6
67,336,22,2.71395464080228,0,87,0,31.8,32,88,5.55023344003807,87,6.2,118.69383,15777451,5.6,5.5,0.507,10.3
73,132,1,3.81,97.74087744,91,1783,48.4,1,93,5.5,91,0.1,1191.96192,3612,2,2.1,0.668,10.9
68,299,11,0.64,126.6142137,71,1,41.9,14,67,5.92,72,1.5,854.346921,647272,1.4,1.4,0.454,8.2
58.7,287,3,2.79,0,98,0,22.8,6,96,5.95,96,3,121.142523325867,2.99992668470597,8.6,8.5,0.426,8.6
83.1,55,0,1.79,0,96,0,33.2,0,96,2.03947570373683,96,0.1,53629.73746,17876.4187136047,2.2,2.2,0.924,15.4
72.9,14,0,0.96,7.033980828,82,0,73.3,0,84,4.6,82,0.1,445.18866,14577,0.1,0.1,0.712,14.4
67.2,183,0,2.82,0,81,0,62,0,79,8.58,75,0.1,81.6042579183835,0,0.3,0.2,0.604,10.1
79.5,8,4,11.84,0,88.2067780137497,1022,61.9,4,92,8.42,92,0.1,31.6241463929513,513.012439161553,0.7,0.5,7.02227068439121,7.33036882131813
79.9,71,0,6.9,3998.09987,93.2039568050095,9,53.9,0,99,9.23,99,0.1,29571.7446,8924958,1.3,1.3,0.88,15.9
74.7,16,0,8.41,154.9630863,86,0,5.7,0,9,6.17,86,0.1,1595.91232,531.965998972098,3.8,3.8,0.781,15.8
45.3,48,97,1.85,15.88149254,25.1221470831212,2219,15.4,160,3,2.79,28,2,555.2969419,1644924,1.9,1.9,0.382,4.6
79.7,57,0,10.69,2443.325028,96,0,58.3,0,99,7.54,99,0.1,32233.83942,1124835,0.9,1,0.847,13.8
76.5,127,1,6.74,956.8229765,86,0,52.7,2,86,6.75,86,0.1,6973.9284,3516268,2,2,0.75,12.8
71.8,188,0,8.24,601.7608115,98,0,27.1,0,98,4.62,98,0.1,7578.85153,81131,6.3,6.7,0,12.3
73.5,134,0,0.01,57.12190146,73.5,0,55,0,73.5,8.45,73.5,0.1,338.199535,613353,2.3,2.4,0.74,12.6
79.6,65,0,7.45,2578.888314,82,2,66.1,0,76,8.36,74,0.1,19375.5696,46724,0.7,0.7,0.808,14.4
72.7,16,0,7.02,0,96,0,5.3,0,96,4.99,96,0.1,35.419649281496,0,3.5,3.5,0.712,13.3
67.3,158,185,0.01,4.11469667,11,9743,12,247,88,2.62,99,0.1,46.7579167,14137489,2.1,2.7,0.491,8.1
87,59,0,6.91,3601.287457,82,3,68,0,96,9.6,96,0.1,22821.847,416268,0.8,0.7,0.826,14.8
49,43,93,1.14,47.17250718,39.9018527955074,7375,16.5,136,69,6.16,7,12.2,277.6486591,1867687,4.2,4.1,0.291,5.4
48.4,536,3,7.19,25.21683318,83,10,25.9,4,87,5.26,84,46.4,1637.4567,161468,9.4,9.6,0.516,9.4
54.9,459,54,7.04,346.5316007,72,1043,41.6,79,7,8.9,7,26.6,2518.398261,45855482.88,14.5,17.1,0.62,12.9
62.8,274,2,2.79,56.431387,93,925,38.5,3,94,4.92,94,0.1,474.2133361,2397436,2.6,2.6,0.582,8.9
79.8,73,0,6.6,3554.546434,93.1736110291195,5,53.4,0,99,8.86,99,0.1,26969.24457,889596,1.3,1.3,0.877,15.9
67.1,235,1,9.89,0,92,687,46.5,2,97,6.65,95,0.1,104.37761918226,344.508370162735,3.6,3.7,5.74205903721624,6.8913308553865
44.3,464,30,3.8,38.00075788,58.3469890355034,33,19.7,46,65,1.68,64,2.2,322.313468,5848692,9.1,9.1,0.348,8
52.7,336,3,4.46,14.95451321,41.9504082922683,0,18.3,4,41,2.73,34,1.9,172.68491,614323,1.7,1.6,0,0
77.6,95,3,9.66,0,91,33,26.2,3,94,4.93,97,0.1,60.7252087726969,18.0003665764701,1.6,1,5.08311763039233,5.38766612752442
89,78,0,8.8,6164.455402,95.2688801698998,0,61.7,0,98,9.68,98,0.1,49914.61864,5461512,0.9,0.8,0.89,17
68.3,181,910,11.9184384067009,0,87,90387,18.7,1100,86,26.9985993597715,87,0.2,1613.18878,1395398,26.7,27.3,0.615,11.6
63,262,2,0.25,77.0283958,69,85,19.6,2,69,4.57,69,0.1,648.38717,626425,7.4,7.3,0.451,9.9
68.3,152,2,1.16503027078746,0,76,43,17.4,2,75,6.47852351649711,76,0.1,1161.76935,124977,1.9,11.1,0.603,12.5
58,325,2,1.02,94.13302875,64.9654224109997,37,29.4,2,68,6.22,68,4.2,819.974118,758615,6.1,5.9,0.378,3.5
54.2,382,56,5.9,68.7073044,84,495,24.9,87,82,5.18,84,6.7,1233.524316,18978,6.4,6.5,0.466,8.8
74.4,136,29,2.7,0,94,410,11.3,36,94,5.38,95,0.2,73.0618829077481,223.004569986661,15.3,16,0.609,11.1
68.9,167,20,0.26,80.58788376,9,3362,17.4,25,9,5.89,9,0.2,681.7925868,27649925,16.3,16.7,0.538,12.3
72.4,18,0,6.51,16.49232317,99,0,33.5,0,99,3.59,99,0.1,184.68447,8977,5.8,6.2,0.74,13.2
57.4,283,239,1.81,0,6,5407,19.1,321,76,4.4,6,1.6,91.4161283771876,2864.0621469309,1.4,1.2,2.61491319913162,2.6523459373345
62.6,258,58,1.84,165.9304977,93,190,2.7,81,94,5.57,87,3,1229.114798,44826849,7.9,7.7,0.541,11.1
74.7,13,11,7.63,719.3663797,81,0,56.3,12,91,6.84,98,0.1,4251.574348,38728696,1.1,1,0.775,16.3
57.5,36,89,4.19,0,91,167,2.7,131,94,5.3,91,4.6,40.1648877236975,149.000439891764,7.1,7.1,4.69119056312185,5.43811997773953
82,69,0,6.9,5067.411418,93.8412180986995,3,54.4,0,99,9.31,99,0.1,36961.42537,8958229,1.3,1.3,0.882,15.9
73.2,136,0,0.01,492.0552263,64,1,73.4,0,62,5.2,64,0.1,4234.554443,189194,0.2,0.1,0.698,12.9
81.1,7,0,11.34,2284.58215,94,2,6.1,0,99,7.18,99,0.1,16749.136,53946,0.9,0.9,0.892,13.9
78.7,8,1,9.56,4472.6114,92.1432652532295,4,54.2,1,98,8.46,98,0.1,35245.1647,1622532,1.1,1,0.881,16.5
79.4,96,1,3.42,386.1379123,94,0,58.5,1,95,9.47,95,0.1,1569.66631,47641,1.7,1.7,0.762,13.7
79.1,86,3,11.83,5842.374765,88,121,57.1,3,96,1.37,96,0.1,34165.9343,8251626,1.1,1.1,0.877,16.4
78.2,62,0,0.01,2051.748615,99,0,26.2,0,99,13.73,99,0.1,7716.2415,41,13.6,13.7,0.693,12.7
89,89,3,12.2,64.73714894,42,39,58.6,3,99,1.45,98,0.1,416.58397,6416229,0.6,0.6,0.873,16.1
63.5,241,1,2.69298788676923,0,84,47,35,1,84,5.50046688007615,84,2.1,1862.167274,927414,5.6,5.4,0.47,6.3
71.9,138,2,0.01,472.3047034,97,292,56,3,98,2.71,98,0.1,8171.361651,2822.09890024441,5.5,5.4,0.748,15.7
44.5,675,5,2.67,57.90369752,87,0,27.4,6,88,6.3,89,34.8,862.9463118,1949543,9.3,9.2,0.437,10.7
78,222,0,12.3,913.699529,95,1,58.4,0,93,5.83,94,0.1,7863.1629,3322528,3,3.1,0.798,16.2
73.5,146,14,4.45,978.07041,92,0,52.8,16,92,6.62,92,0.1,5433.7245,4491544,2.3,2,0.683,12.2
64.8,175,371,0.03,0.697215581,78,863,21.3,460,7,2.94,71,0.1,16.63999,1674958,2.5,2.9,0.514,7.3
79.4,78,0,6.04,880.7380617,88.1764322378597,8,55.3,0,92,9.85,92,0.1,5111.65445,4564855,0.8,0.7,0.918,17.1
75.8,86,171,5.78,109.8743903,99,52628,31.9,198,99,5.55,99,0.1,7683.5238,136427,3.7,3,0.723,13.1
67,189,27,0.21,70.27113179,82,2089,15.4,35,82,6.44,82,0.2,473.844449,26475859,17,17.6,0.492,10.1
65.1,237,1,7.84,1.776181042,91,0,38.4,1,91,5.73,91,1.9,145.58861,751652,5.8,5.6,0.613,11.2
66,217,0,7.64,4.141293345,98,0,45.9,1,97,5.25,98,0.3,43.82321,763393,5.5,5.3,0.636,10.3
63.2,235,61,0.01,220.522192,92,8523,25.7110530195646,89,92,8.2,92,0.3,1892.894352,3599192,4.54064324929135,4.54595134685955,0.468,6.8
79.5,86,0,10.25,640.3560918,94,64,6.9,1,99,9.25,98,0.1,4443.83131,16257,0.8,0.8,0.871,15.8
78.3,95,0,12.91,910.5062778,95,0,55.2,0,99,8.27,99,0.1,5293.64115,446175,1,0.9,0.86,13.5
45.7,512,17,1.5,41.50111735,47.441032562826,1233,17.9,26,45,4.1,51,12,313.21598,45536,9.9,9.9,0.315,5.7
73,167,1,3.76,211.1143318,91.1100982685993,0,43.5,1,99,4.86,99,2.3,3596.496282,2695446,2,1.8,0.69,11.7
72.2,184,0,6.33,701.8526364,99,0,31.8,0,99,2.64,99,0.1,11122.8627,86956,5.9,6.3,0.739,13.2
78,146,33,0.01,0,94,9582,45.5,40,95,5.2,96,0.1,76.5413231773195,4811.11659575593,7.7,7.8,0.666,11.6
81.7,58,1,0.01,1491.703605,92,140,61.6,1,96,1.9,96,0.1,52157.4687,168658,1,0.9,0.923,18.1
58.6,348,87,3.98,0,92,1668,21.9,126,9,5.72,92,2.4,139.173139658951,897.018842030564,6.9,6.8,4.07115432761007,5.44934458288797
72.5,147,0,1.08,4.783805563,84,0,72.1,0,86,4.67,84,0.1,37.846563,1364,0.1,0.1,0.703,14.5
73.8,128,0,0.01,660.2777923,56,0,74.3,0,58,7.22,63,0.1,4178.973369,19229,0.2,0.1,0.701,12.9
72.9,136,19,0.5,2.548922758,83,2302,48.9,22,88,3.24,88,0.1,31.122378,33288437,6.1,6,0.68,12
68.8,183,0,0.01,3.718438799,88,0,49.7,0,94,5.5,88,0.1,29.652622,57554,1.1,1.2,0.512,9.6
58.1,275,42,4.51,85.55592906,91,860,17.1,71,9,5.17,91,0.9,666.842783,168194,8.8,8.4,0.377,6.7
65.9,218,0,7.56,345.9044258,98,0,45,1,98,5.1,98,0.3,3944.178173,75881,5.5,5.3,0.633,10.3
68,178,23,0.24,84.62302524,82,190,16.4,30,83,6.43,82,0.2,592.1835216,2723137,16.7,17.2,0.515,11.1
79.7,91,0,9.96,579.7384368,93.1432652532295,2,59.8,0,99,9.2,99,0.1,4717.15571,5338871,0.9,0.8,0.878,17
77.3,122,0,0.01,2700.07305,93,0,59.4,0,93,6.38,93,0.1,19941.45532,1314545,1.9,1.9,0.86,16.5
49.4,394,46,0.42,5.962923532,37.7450648988003,441,16.1,80,38,3.35,28,4.9,81.683884,177578,1,1,0.306,5.7
54.2,318,51,0.01,0,42,3173,23.3,81,47,4.08099739813409,42,0.8,47.5432354,1100.54432492209,6.8,6.6,0.381809237633082,3.0374121916406
74.8,13,3,1.29,623.2120325,98,11,57.4,3,98,7.15,98,0.1,4256.91279,1761467,6.4,6.3,0.714,14.5
65.3,213,174,0.06,55.36107207,64,29171,18.2,237,79,2.37,71,0.1,1148.56996,223614649,1.9,1.9,0.624,11
71.4,23,2,2.55,416.4338399,91,0,52.1,2,91,6.83,91,0.3,3366.482133,6137276,1.7,1.6,0.662,12.8
52.2,335,52,0.01,0,44.7701622549463,13,21.5,84,41,4.26354059599032,42,0.8,119.249243005502,48.4991324356874,7.1,6.9,0.381809237633082,3.17523065256506
73.2,156,0,1.92466010238177,0,98,0,54.1,0,97,3.45023344003807,98,0.1,80.3369980321684,0,3.5,3.4,0.72,13.3
73.7,14,10,4.72,69.43934508,93,0,52.2,12,92,5.3,93,0.2,522.493191,29373646,1.1,1.1,0.708,13.3
71.2,138,38,1.47,35.55729,72,7823,55.1,46,78,5.36,78,0.1,366.57,6514354,5.2,5,0.658,11.5
66,223,8,0.01,55.12187071,42,127,24.2,12,71,4.21,71,1.3,697.7451989,31372,9.8,9.6,0.461,7.2
73.8,145,4,1.96,120.2471713,98,0,17.2,5,98,4.6,98,0.1,1448.7611,1952,15.4,15.5,0.718,13.1
73,134,9,1.29,94.75639211,81,801,46,11,85,5.12,83,0.1,1253.39143,17415266,6.6,6.4,0.599,10.3
75.3,144,2,10.9,14.3042452,98,40,56.6,3,99,6.28,99,0.1,1126.31852,381256,2.2,2.4,0.808,15
77.2,19,1,4.48,518.9359221,95,0,53.8,1,99,9.39,89,0.1,3779.577,1260.18101962951,3.4,3.3,0.719,14.2
47.9,578,36,2.46,8.369851529,72.673739548443,35,18,59,84,7.33,83,17.6,53.2772217,11731746,7.2,7.1,0.456,10.5
78,88,4,10.91,0,87.0550491342997,73,58.2,4,91,7.31,91,0.1,56.6135572820269,38.5008431258813,0.7,0.5,6.32235424929167,6.59010932579088
67.6,187,1000,3.11,67.67230438,7,13822,17.5,1300,82,4.53,83,0.2,1452.195373,127856227,26.8,27.5,0.599,11.5
73.5,15,1,2.19,527.9176618,74,526,59.7,1,74,9.3,74,0.1,5425.6697,371464,4.8,4.7,0,14.8
73.5,132,1,4.23,224.3212014,94,2,51.2,1,96,4.56,94,0.1,3218.381655,2877311,2,2.1,0.72,12.3
69.1,185,17,0.01,19.1624696,99,0,43,19,99,6.32,99,0.1,197.551233,32432,3,3.1,0.681,12
77,14,0,12.19,1913.356642,97,12,61.3,0,96,7.8,96,0.1,14539.18421,428622,1.6,1.5,0.808,14.5
79.2,96,0,10.15,524.7775227,91.5984518915795,0,58.6,0,97,8.38,97,0.1,4112.67651,5266268,0.9,0.8,0.869,17.2
72.5,177,13,6.26,321.1953005,96,3526,22.6,15,98,3.55,98,0.5,2893.651356,6542547,8.9,9.1,0.682,12
72.7,112,1,2.26,404.3879434,83,5,57.9,1,83,1.86,83,0.1,5334.93329,3235366,4.9,4.8,0,14.9
74,132,1,9.54,96.33237912,93,2,55.8,1,95,1.5,95,0.1,671.773913,735222,2.3,2.4,0.749,13.5
72.8,142,0,1.24,471.8307668,82,0,72.7,0,84,4.59,82,0.1,3547.59975,14137,0.1,0.1,0.707,14.4
62,347,42,7.38,922.0507313,8,66,5.3,52,77,8.8,77,3.7,6479.625659,54146734.74,4.9,5.9,0.66,13
69.5,15,25,0.46,66.72933871,92,6000,46.5,29,94,5.31,94,0.1,1413.757176,29512368,6.6,6.5,0.54,8.8
86,75,2,8.97,0,94,17,29.1,2,95,6.66,94,0.1,53.4500936482766,9.50018328823506,1.5,1,5.42210184390358,5.83716037269728
64.5,23,13,2.37,0,8,0,44.7,17,82,5.3,88,0.2,35.1040165782831,8.4997922733336,1.4,1.3,0.617,14.4
61.8,266,17,6.08,56.77858733,62.310743803486,0,4.7,23,62,5.56,63,2.7,615.8198192,9556889,4.2,4.2,0.458,8.4
76,121,6,3.77,59.12850204,87,0,52.8,8,87,7.29,87,0.1,674.9829,15661547,1.3,1.1,0.725,13.4
50,525,36,1.27,74.34482999,91,20,16.9,58,92,1.7,91,16.9,372.842678,14271234,7,6.9,0.4,9.6
74.2,148,0,0.01,115.2784282,97,0,32.8,0,98,4.81,97,0.1,1153.93822,126934,7,6.9,0.769,14.7
67.7,253,6,4.31,8.897421459,7,16970,55.1,7,99,5.66,99,0.8,78.738243,48683865,2.9,3,0.673,13.2
78.7,96,1,4.18,95.67571176,96,0,59.9,1,99,9.48,99,0.1,676.15344,225.715783889647,3.4,3.3,0.773,14.7
72.4,148,0,1.79,503.5881956,89,0,7.1,0,89,5.61,88,0.1,2892.522663,11689,0.1,0.1,0.695,14.6
54.8,321,88,0.01,10.42496,62,6532,12.2,122,24,8.2,24,0.1,114.56,293756,2.3,2.5,0.338,5.5
74.6,128,3,0.53,110.6779711,96,195,38.5,4,97,4.2,97,0.1,1882.27842,2976724,7.8,7.6,0.779,12.9
73.9,157,2,3.63,334.8174246,98,0,51.7,3,99,8.4,98,0.1,1792.3845,587718,1.8,1.7,0.625,11.5
65.2,211,52,0.28,11.05247903,91,329,19.1,69,9,2.5,9,0.6,741.777116,49869,13.1,13.4,0.504,8.5
51.5,491,36,1.16,7.915071248,93,21,17.3,56,93,1.18,93,14.9,42.7379657,1471462,6.9,6.8,0.415,9.9
74.3,139,2,9.1,10.32588862,96,4189,57.7,2,89,5.53,89,0.1,92.277825,2147528,2.9,3.1,0.798,15.7
41,519,30,4.21,33.34691455,38.9103732767001,649,17.5,48,38,11.83,38,1.5,227.779471,4739147,1.1,1.2,0.302,7
62.9,275,10,0.855164813082621,0,67,38,48.6,12,74,1.3,73,0.6,110.073281043335,7919825,1.3,1.3,0.515,10
58.7,254,25,1.33,94.25737917,76,392,23,39,77,4.95,76,1.4,757.695974,9199259,7.8,7.6,0.451,9.5
75.4,83,19,0.01,0,99,99,58.5,22,99,6.89,99,0.1,57.5618311220986,60.5009408796067,8.3,8.4,0.77,14.9
57,297,3,2.47,0,94,119,19.7,6,87,4.22,87,2.7,121.459617742665,62.5013807713708,9.6,9.6,0.395,7.3
74.8,145,2,1.14379726566838,0,98,0,54,2,99,1.75023344003807,98,0.1,295.966488,68235,1.8,1.7,0.642,11.7
86,73,0,11.36,2267.252192,94,0,59.2,0,96,7.68,99,0.1,14965.361,56953,0.9,0.9,0.884,13.7
82.2,6,1,2.62,4348.33531,97,6,64.6,1,95,7.81,95,0.1,37582.84624,82157,1.2,1.1,0.895,16
72,198,4,1.48936287213219,0,98,526,53.1,5,98,2.44976655996193,98,0.1,159.9817,17544126,2.4,2.5,0.793,15
79.5,96,1,3.45,384.5129138,91,1,59.5,1,91,9.31,91,0.1,1647.44179,4757575,1.7,1.7,0.768,13.9
67.3,19,1100,3.1,64.96964491,73,18668,17,1400,79,4.39,82,0.2,1446.98541,126365852,26.9,27.6,0.59,11.3
73.8,154,0,7.51,163.7676978,96,0,38.9,0,99,4.48,97,0.1,9358.154162,3119.35672463712,3.6,3.5,0,0
89,72,2,11.05,510.9327012,96,267,61.7,2,96,8.36,96,0.1,3279.414,4522683,0.6,0.5,0.849,16
75,131,0,10.63,0,99,0,55.3,0,99,9.15,99,0.1,72.7452184067104,0,1.3,1.4,0.82,14.9
63.8,263,2,2.43,55.60878216,98,1205,39.8,2,98,5.81,98,0.1,571.51883,2443659,2.4,2.5,0.599,10.1
61.3,251,2,0.17,56.98952474,83,1,21.1,2,84,3.82,83,0.1,778.5454199,673252,7.2,7,0.465,10.3
99,99,0,0.01,0,99,0,77.3,0,99,7.2,99,0.1,45.7922565705051,0,0.1,0.1,2.45476289007586,2.84725780743793
69.8,226,1,14.22,464.077513,91,1,57.7,1,9,6.44,95,0.1,4735.484827,956953,2.2,2.3,0.739,14.9
63,328,29,2.41,20.62306285,79,35,22.3,42,74,4.99,79,4.8,185.793359,1515321,6.4,6.2,0.565,12.5
71.4,128,21,0.56,157.6431445,95,2248,5.8,25,95,5.48,95,0.1,2494.353552,31225881,6.4,6.3,0.581,10
66.2,219,11,3.23,0,83,0,46.7,15,82,5.19,83,0.2,95.5216750640611,7.49981671176494,1.3,1.2,0.625,14.3
77.1,99,3,9.55,0,92,62,25.7,4,99,4.61,97,0.1,61.9904910464145,33.0007087145089,1.6,1.1,4.93690431729622,5.25427433868175
71,184,0,5.1,0,31,0,42.9,0,99,3.91,99,0.4,89.5102085334692,0,3.8,3.8,0.682,13
75.1,12,0,8.61,260.0043858,87,0,52.2,0,88,7.43,87,0.1,15384.8749,5128.24560765297,3.8,3.8,0.785,15.3
69.7,171,55,0.21,0,98,1684,54.8,65,98,4.95,98,0.1,85.0818065586095,874.519782910171,3.1,3.1,0.644,11.7
79.8,71,1,9.79,8344.010392,91.0839843058196,1,56.5,1,96,9.36,96,0.1,44453.97119,1634611,1,1,0.893,16.5
55,357,15,1.14,36.62174288,49.7487309579854,38,18.9,22,8,5.17,82,5,372.1721837,5683268,8.4,8.3,0.435,10.1
63.9,292,9,6,112.541157,99,245,43.9,10,96,4.16,97,0.1,1229.958,14883626,2.7,2.7,0.676,12.1
79.6,8,4,11.47,0,88.2371237896397,1445,62.5,4,92,8.85,92,0.1,31.6241463929513,724.517607889782,0.8,0.5,7.03676845248075,7.3767537482059
53.1,336,51,0.01,0,46.9939155529602,9983,22.9,82,47,4.11127922147327,42,0.8,119.565563573931,5032.62098245436,6.8,6.7,0.381809237633082,3.08335167861542
61.8,246,2,0.15,47.30421873,74,0,21.6,2,82,5.82,74,0.1,769.1742883,689692,7.1,6.9,0.476,10.5
51.2,31,60,0.53,3.67646576,59.3265415061156,717,16.5,108,65,6.32,61,2.3,334.22416,11638929,1.5,1.5,0.308,4.9
76.2,88,0,0.5,1559.287158,89,46,62.4,0,91,2.18,8,0.1,29986.2915,10010.6745693127,4.8,4.5,0.808,13
72,142,30,0.17,0,66,4088,5.1,37,8,3.38318641118005,78,0.1,69.5838183686096,24251649,5.6,5.3,0.607,8.7
66,271,41,1.76,30.72290501,94,101,24.9,60,94,5.17,94,2.1,186.76538,2393831,7.3,7.2,0.542,10.4
71.4,14,0,4.19,240.139715,91,0,23.7,0,94,5.6,93,0.8,1976.45856,467664,8.7,8.7,0.574,11.1
61.5,253,19,1.38,8.38611924,78.1938495516833,352,13.5,24,86,6.43,85,1.7,48.615184,1363377,11.6,11.7,0.458,9.7
67.9,178,0,1.9,0,91,0,63.6,0,94,12.11,94,0.1,86.031112196506,0,0.2,0.2,0.617,10.7
64.4,261,5,0.01,0,94,127,18,8,94,3.34,94,0.4,112.285719376147,67.5014540866648,8.5,8.3,0.416,5
81.2,65,2,8.44,473.1915451,96,439,58.8,2,97,8.82,96,0.1,3341.7482,58143979,0.5,0.5,0.856,16
70,196,0,5.13,885.0739766,87,0,54.1,0,85,6.14,87,0.6,7443.85178,52619,3.5,3.4,0.696,12.1
73.9,99,332,2.92,171.6596026,84,124219,24.1,392,87,4.66,87,0.1,1753.4178,13372,5,4.4,0.634,10.6
58.6,281,77,0.01,56.76221682,63,2861,16.2,106,63,9.42,63,0.1,445.8932979,284331,18.6,18.7,0.434,8.9
78.6,92,0,12.4,3582.848308,44,0,5.6,0,83,1.12,84,0.1,24489.73553,842293,1.7,1.9,0.837,15.5
65.3,199,8,0.01,0,88,339,2.9,11,88,1.87,88,0.2,90.7764366218596,175.00400790274,8.9,9,0.573,10.6
77.8,74,0,4.6,364.9752287,99,0,58,0,99,6,99,0.1,3954.22783,28873,1.2,1.3,0.762,14.2
64,252,12,3.53,0,45,1491,14.4,16,46,4.54,45,0.2,93.9433395816924,753.518023343115,1.1,1.2,0.485,8.6
56.8,284,25,1.19,75.91429496,74,176,21,39,76,4.75,74,2,625.8392,8216896,8.5,8.4,0.434,8.7
59.1,342,7,0.64,10.26097341,84,24,13.6,10,98,3.14,98,1.8,287.4222243,3858623,9.6,9.6,0,5
77.5,112,28,8.52,0,93,66,63.8,33,92,15.15,96,0.1,65.7864238507195,49.5004032341171,0.7,0.6,8.11754389923506,8.89767234278882
76.4,113,0,10.6,0,97,0,58.4,0,97,8.5,97,0.1,66.4189790044263,0,1.2,1.2,0.841,15.1
59.3,271,41,0.9,47.5262138,51,10795,14.7,63,61,5.29,62,0.7,262.2859481,16765117,8.5,8.4,0.462,8.3
72.9,18,1,13.28,146.8608016,91.0797524927093,0,58.2,1,99,8.8,99,0.1,1259.5266,117146,2.1,2.1,0.793,15.3
79.1,82,0,8.91,3661.792922,89,66,6.9,0,86,7.71,9,0.1,21913.7817,7326.52897869089,0.3,0.3,0.881,18.2
80,77,2,7.8,5513.329924,14,7,6.6,2,91,9.56,91,0.1,31979.87195,31995,0.5,0.4,0.881,15.8
55,471,3,5.28,294.6571552,72.6923344439013,262,26.5,4,82,6.52,79,24.7,2482.36862,1986535,14.2,14.3,0.554,11.7
62.6,243,15,2.32,0,77,122,42.6,20,74,5.67,75,0.1,100.583492024148,71.0012463599984,1.5,1.4,0.6,13.3
69.4,195,0,0.01,431.4854874,99,0,6.2,0,99,4.16,99,0.1,4546.73854,873596,4,3.7,0.714,14.9
78.3,82,1,9.95,3054.515582,91.3253399085695,0,52.6,1,97,7.79,97,0.1,26584.12169,164618,1.1,1.1,0.878,16.7
69,157,8,3.12,0,93,0,3.3,10,99,4.38563283846979,93,0.1,79.072145674211,4.99987780784329,5.2,5.2,1.69865329411151,4.07554132907624
81.5,61,2,7.96,66.37840495,96,1617,59.9,2,96,8.89,96,0.1,464.18465,58826731,0.5,0.5,0.866,16.3
61.8,22,49,4.35887816076581,0,65,7693,19.3,87,65,9.50046688007615,65,0.4,358.99731,19896965,9.6,9.4,0.351,5.4
81.5,72,4,8.03,5486.51208,86.351823853174,22552,22.5,5,81,7.75,95,0.1,33846.46564,127149,1.7,1.4,0.856,14.6
74,148,32,0.2,185.6366983,75,30328,55.2,39,78,4.65,78,0.1,3735.144836,29894652,5.4,5.1,0.643,10.3
82,77,3,10.88,0,90.3585068931997,443,63.6,4,94,9.51,94,0.1,54.0827347851354,223.50536423568,0.8,0.5,7.05125662450363,7.44067688111362
71.4,138,0,0.01,427.9885222,64,0,5.8,0,65,3.7,64,0.1,3158.58688,247485,1.5,1.4,0.592,10.8
72.5,169,3,3.64,275.064434,97,0,48.6,3,97,6.98,97,0.2,1518.85386,559456,1.9,1.8,0.607,11.1
76,116,4,10.33,0,93,32647,24.7,4,99,4.23,97,0.1,67.3679407097145,16325.8988718571,1.6,1.1,5.08329963274481,5.36240417690916
73.4,158,9,4.13,14.5887403,69,2,44.3,10,9,3.86,89,0.3,193.741571,12852755,1.6,1.5,0.67,12.4
54.5,277,54,0.11,43.42193066,52.3872090419841,59,15.7,110,52,7.39,51,1.5,258.463873,1413264,11.6,11.5,0.286,3.7
51.6,376,527,9.05,14.5676468,63,1272,21.6,832,66,4.24,63,4.9,197.661422,15442181,11.7,11.6,0.487,9.3
71.9,199,0,11.64,132.7233922,87.6186904141434,0,54.9,0,95,4.92,94,0.1,7174.237415,13772,2.2,2.3,0.798,15.6
78.1,93,0,11.02,850.9544783,88.4784793923896,27,55.4,0,93,9.92,93,0.1,5226.99311,5437272,1.2,0.9,0.902,16.9
74.1,161,0,10.37,150.3116884,94,0,6.2,0,94,5.67,94,0.1,1532.22924,212647,2.2,2.2,0.814,15.4
71.7,194,2,2.68,53.95949877,98,0,51.4,3,98,6.21,98,0.3,357.347674,61131,1.8,1.7,0.659,13.4
82.4,5,0,7.31,764.5440691,88.3902632734598,0,6.2,0,91,8.75,91,0.1,4781.3888,323764,1,0.9,0.907,19
71.9,131,4,0.55,248.697463,97,61,54.8,4,97,9.9,99,0.1,1728.2659,5193482,4,3.9,0.706,12.7
75.6,127,37,5.36,159.8772264,97,0,58.7,43,96,6.6,96,0.1,9689.52887,11366189,1.7,1.6,0.735,12.3
78.1,16,1,3.58,2377.010299,89,0,55.5,1,93,9.66,88,0.1,8199.414621,454528,1.8,1.8,0.749,13.3
73.9,128,1,7.17,151.762567,89,56,5.5,1,9,8.99,92,0.1,3174.9491,43,2.6,2.8,0.735,13.1
57,293,87,0.02,15.29606643,67,466,13.8,120,5,8.79,5,0.1,219.1413528,24118979,19.5,19.7,0.381,6.8
75.4,126,10,8.41,1413.73543,9,0,58.6,11,94,6.66,93,0.1,8953.359275,4382389,1,0.9,0.792,16.3
64.4,282,8,6.58,23.43400762,99,24,45.3,9,99,3.7,99,0.1,268.123657,149918,2.5,2.6,0.714,13.1
64.3,235,30,0.87,59.97914461,7,2,19,42,71,3.46,7,0.4,443.9611,22346573,7.4,7.3,0.506,10.2
69.4,166,0,0.447634365201139,0,78,0,69.4,0,71,0.2,72,0.1,75.2781044992514,0,0.2,0.2,0.637,11.7
73.6,142,0,2.07222613387123,0,92,0,48.4,0,99,3.8,92,0.1,9212.192824,3070.70338196446,3.8,3.8,0.751,15.8
74.8,124,0,13.39,11.63615139,88.8701532702194,6,55.8,0,95,6.19,95,0.1,653.71637,444,2,2,0.759,12.6
81,58,0,7.67,343.123395,93,0,68.4,0,99,9.95,99,0.1,2193.8836,419455,0.8,0.7,0.821,14.1
